profile_id,profileKey,Profile_lastRunKey,Profile_name,Profile_description,profile_orgId,profile_connectionId,profile_createdByName,profile_updatedByName,Profile_createdTime,Profile_lastUpdatedTime,Profile_lastAccessedTime,Profile_Valid_Status,Profile_Project_Name,Profile_Folder_Name,profile_isFilterEnabled,source_dataset,source_dataset_type,sampling_type,sampling_rows,drillDownType,column_id,column_name,ruleType,rule_frs_id,rule_name,rule_Dimension,rule_createdTime,rule_lastUpdatedTime,rule_lastAccessedTime,rule_Valid_Status,rule_Project_Name,rule_Folder_Name,Key_PID_RFRS_ID
81c60f50-fa3b-4d34-aabe-fbf8ec7020ac,2,2,Prfl_SuperMarket_Contact,,kkP7s6SvbWUkMKUPvfwsyB,apY5xx4oQACeKGyIhh2zsm,antripathi_rms,antripathi_rms,2021-04-26 18:15:53,2021-07-23 13:49:56,2021-07-23T08:17:16Z,VALID,z_antripathi,CDQ,False,SUPERMARKET_CONTACT,ORACLE,ALL_ROWS,-1,ON,bef1bbf2-7085-42e3-8182-f9f949279bfc,ADDR1,,,,,,,,,,,
81c60f50-fa3b-4d34-aabe-fbf8ec7020ac,2,2,Prfl_SuperMarket_Contact,,kkP7s6SvbWUkMKUPvfwsyB,apY5xx4oQACeKGyIhh2zsm,antripathi_rms,antripathi_rms,2021-04-26 18:15:53,2021-07-23 13:49:56,2021-07-23T08:17:16Z,VALID,z_antripathi,CDQ,False,SUPERMARKET_CONTACT,ORACLE,ALL_ROWS,-1,ON,547b0ea9-ca10-47dc-b044-9476f3843abe,PHONE,,,,,,,,,,,
81c60f50-fa3b-4d34-aabe-fbf8ec7020ac,2,2,Prfl_SuperMarket_Contact,,kkP7s6SvbWUkMKUPvfwsyB,apY5xx4oQACeKGyIhh2zsm,antripathi_rms,antripathi_rms,2021-04-26 18:15:53,2021-07-23 13:49:56,2021-07-23T08:17:16Z,VALID,z_antripathi,CDQ,False,SUPERMARKET_CONTACT,ORACLE,ALL_ROWS,-1,ON,20f9e8fa-1a41-4f5a-8b00-2bd7603e0f7b,EMAIL,RULE_SPECIFICATION,9mzeapmXZsshlH69BS8W46,Validate_EmailAddress,ACCURACY,2021-04-26T12:26:07Z,2021-11-12T13:39:02Z,2021-11-12T13:39:02Z,VALID,z_antripathi,Rule_Specifications,81c60f50-fa3b-4d34-aabe-fbf8ec7020ac9mzeapmXZsshlH69BS8W46
81c60f50-fa3b-4d34-aabe-fbf8ec7020ac,2,2,Prfl_SuperMarket_Contact,,kkP7s6SvbWUkMKUPvfwsyB,apY5xx4oQACeKGyIhh2zsm,antripathi_rms,antripathi_rms,2021-04-26 18:15:53,2021-07-23 13:49:56,2021-07-23T08:17:16Z,VALID,z_antripathi,CDQ,False,SUPERMARKET_CONTACT,ORACLE,ALL_ROWS,-1,ON,6f856dc6-9b11-4586-a74b-bc1f2f0f4f9a,SURNAME,RULE_SPECIFICATION,5q32dv4Rqu1ld32Jw1ZbK5,Rsp_Validate_Contact,ACCURACY,2021-07-23T06:59:05Z,2021-11-12T13:38:08Z,2021-11-12T13:38:08Z,VALID,z_antripathi,CDQ,81c60f50-fa3b-4d34-aabe-fbf8ec7020ac5q32dv4Rqu1ld32Jw1ZbK5
81c60f50-fa3b-4d34-aabe-fbf8ec7020ac,2,2,Prfl_SuperMarket_Contact,,kkP7s6SvbWUkMKUPvfwsyB,apY5xx4oQACeKGyIhh2zsm,antripathi_rms,antripathi_rms,2021-04-26 18:15:53,2021-07-23 13:49:56,2021-07-23T08:17:16Z,VALID,z_antripathi,CDQ,False,SUPERMARKET_CONTACT,ORACLE,ALL_ROWS,-1,ON,6784d49d-c7a0-44c2-be98-7aadb3e258ee,ADDR4,RULE_SPECIFICATION,5q32dv4Rqu1ld32Jw1ZbK5,Rsp_Validate_Contact,ACCURACY,2021-07-23T06:59:05Z,2021-11-12T13:38:08Z,2021-11-12T13:38:08Z,VALID,z_antripathi,CDQ,81c60f50-fa3b-4d34-aabe-fbf8ec7020ac5q32dv4Rqu1ld32Jw1ZbK5
81c60f50-fa3b-4d34-aabe-fbf8ec7020ac,2,2,Prfl_SuperMarket_Contact,,kkP7s6SvbWUkMKUPvfwsyB,apY5xx4oQACeKGyIhh2zsm,antripathi_rms,antripathi_rms,2021-04-26 18:15:53,2021-07-23 13:49:56,2021-07-23T08:17:16Z,VALID,z_antripathi,CDQ,False,SUPERMARKET_CONTACT,ORACLE,ALL_ROWS,-1,ON,aeab833d-a773-4fcf-9c64-55ed4fe2b0e6,PHONE,RULE_SPECIFICATION,5q32dv4Rqu1ld32Jw1ZbK5,Rsp_Validate_Contact,ACCURACY,2021-07-23T06:59:05Z,2021-11-12T13:38:08Z,2021-11-12T13:38:08Z,VALID,z_antripathi,CDQ,81c60f50-fa3b-4d34-aabe-fbf8ec7020ac5q32dv4Rqu1ld32Jw1ZbK5
81c60f50-fa3b-4d34-aabe-fbf8ec7020ac,2,2,Prfl_SuperMarket_Contact,,kkP7s6SvbWUkMKUPvfwsyB,apY5xx4oQACeKGyIhh2zsm,antripathi_rms,antripathi_rms,2021-04-26 18:15:53,2021-07-23 13:49:56,2021-07-23T08:17:16Z,VALID,z_antripathi,CDQ,False,SUPERMARKET_CONTACT,ORACLE,ALL_ROWS,-1,ON,89487b34-6fc8-4a86-a6e5-87b7457df639,NAMEPREFIX,RULE_SPECIFICATION,5q32dv4Rqu1ld32Jw1ZbK5,Rsp_Validate_Contact,ACCURACY,2021-07-23T06:59:05Z,2021-11-12T13:38:08Z,2021-11-12T13:38:08Z,VALID,z_antripathi,CDQ,81c60f50-fa3b-4d34-aabe-fbf8ec7020ac5q32dv4Rqu1ld32Jw1ZbK5
81c60f50-fa3b-4d34-aabe-fbf8ec7020ac,2,2,Prfl_SuperMarket_Contact,,kkP7s6SvbWUkMKUPvfwsyB,apY5xx4oQACeKGyIhh2zsm,antripathi_rms,antripathi_rms,2021-04-26 18:15:53,2021-07-23 13:49:56,2021-07-23T08:17:16Z,VALID,z_antripathi,CDQ,False,SUPERMARKET_CONTACT,ORACLE,ALL_ROWS,-1,ON,a02db30b-5c56-4564-8714-702880b1e54b,FIRSTNAME,RULE_SPECIFICATION,5q32dv4Rqu1ld32Jw1ZbK5,Rsp_Validate_Contact,ACCURACY,2021-07-23T06:59:05Z,2021-11-12T13:38:08Z,2021-11-12T13:38:08Z,VALID,z_antripathi,CDQ,81c60f50-fa3b-4d34-aabe-fbf8ec7020ac5q32dv4Rqu1ld32Jw1ZbK5
81c60f50-fa3b-4d34-aabe-fbf8ec7020ac,2,2,Prfl_SuperMarket_Contact,,kkP7s6SvbWUkMKUPvfwsyB,apY5xx4oQACeKGyIhh2zsm,antripathi_rms,antripathi_rms,2021-04-26 18:15:53,2021-07-23 13:49:56,2021-07-23T08:17:16Z,VALID,z_antripathi,CDQ,False,SUPERMARKET_CONTACT,ORACLE,ALL_ROWS,-1,ON,679dce93-48b4-41ee-863b-3d77f6ca9653,COMPANY,RULE_SPECIFICATION,4AsNshslWFFbAZOZnuWkK0,Rsp_Validate_CompanyCol,ACCURACY,2021-07-23T06:30:39Z,2021-11-12T13:37:02Z,2021-11-12T13:37:02Z,VALID,z_antripathi,CDQ,81c60f50-fa3b-4d34-aabe-fbf8ec7020ac4AsNshslWFFbAZOZnuWkK0
81c60f50-fa3b-4d34-aabe-fbf8ec7020ac,2,2,Prfl_SuperMarket_Contact,,kkP7s6SvbWUkMKUPvfwsyB,apY5xx4oQACeKGyIhh2zsm,antripathi_rms,antripathi_rms,2021-04-26 18:15:53,2021-07-23 13:49:56,2021-07-23T08:17:16Z,VALID,z_antripathi,CDQ,False,SUPERMARKET_CONTACT,ORACLE,ALL_ROWS,-1,ON,adf46051-790f-46df-a3a8-99ccec415121,EMAIL,,,,,,,,,,,
81c60f50-fa3b-4d34-aabe-fbf8ec7020ac,2,2,Prfl_SuperMarket_Contact,,kkP7s6SvbWUkMKUPvfwsyB,apY5xx4oQACeKGyIhh2zsm,antripathi_rms,antripathi_rms,2021-04-26 18:15:53,2021-07-23 13:49:56,2021-07-23T08:17:16Z,VALID,z_antripathi,CDQ,False,SUPERMARKET_CONTACT,ORACLE,ALL_ROWS,-1,ON,ebdeeb82-55cc-4264-8c53-26afa145c21c,COMPANY,,,,,,,,,,,
81c60f50-fa3b-4d34-aabe-fbf8ec7020ac,2,2,Prfl_SuperMarket_Contact,,kkP7s6SvbWUkMKUPvfwsyB,apY5xx4oQACeKGyIhh2zsm,antripathi_rms,antripathi_rms,2021-04-26 18:15:53,2021-07-23 13:49:56,2021-07-23T08:17:16Z,VALID,z_antripathi,CDQ,False,SUPERMARKET_CONTACT,ORACLE,ALL_ROWS,-1,ON,7f009f86-2e06-4e0f-8fde-a68876d20ba6,NAMEPREFIX,,,,,,,,,,,
81c60f50-fa3b-4d34-aabe-fbf8ec7020ac,2,2,Prfl_SuperMarket_Contact,,kkP7s6SvbWUkMKUPvfwsyB,apY5xx4oQACeKGyIhh2zsm,antripathi_rms,antripathi_rms,2021-04-26 18:15:53,2021-07-23 13:49:56,2021-07-23T08:17:16Z,VALID,z_antripathi,CDQ,False,SUPERMARKET_CONTACT,ORACLE,ALL_ROWS,-1,ON,1fbb5561-7c2c-4769-891d-27033c346415,TITLE,,,,,,,,,,,
81c60f50-fa3b-4d34-aabe-fbf8ec7020ac,2,2,Prfl_SuperMarket_Contact,,kkP7s6SvbWUkMKUPvfwsyB,apY5xx4oQACeKGyIhh2zsm,antripathi_rms,antripathi_rms,2021-04-26 18:15:53,2021-07-23 13:49:56,2021-07-23T08:17:16Z,VALID,z_antripathi,CDQ,False,SUPERMARKET_CONTACT,ORACLE,ALL_ROWS,-1,ON,15c19d42-defd-4736-a3b3-a74f4f6aca58,ADDR3,,,,,,,,,,,
81c60f50-fa3b-4d34-aabe-fbf8ec7020ac,2,2,Prfl_SuperMarket_Contact,,kkP7s6SvbWUkMKUPvfwsyB,apY5xx4oQACeKGyIhh2zsm,antripathi_rms,antripathi_rms,2021-04-26 18:15:53,2021-07-23 13:49:56,2021-07-23T08:17:16Z,VALID,z_antripathi,CDQ,False,SUPERMARKET_CONTACT,ORACLE,ALL_ROWS,-1,ON,c92d1b49-04f3-48f5-97ef-70b118aca72c,COUNTRY,,,,,,,,,,,
81c60f50-fa3b-4d34-aabe-fbf8ec7020ac,2,2,Prfl_SuperMarket_Contact,,kkP7s6SvbWUkMKUPvfwsyB,apY5xx4oQACeKGyIhh2zsm,antripathi_rms,antripathi_rms,2021-04-26 18:15:53,2021-07-23 13:49:56,2021-07-23T08:17:16Z,VALID,z_antripathi,CDQ,False,SUPERMARKET_CONTACT,ORACLE,ALL_ROWS,-1,ON,162cb67a-0698-4472-8cd6-7e21ca78e9a0,CUST_ID,,,,,,,,,,,
81c60f50-fa3b-4d34-aabe-fbf8ec7020ac,2,2,Prfl_SuperMarket_Contact,,kkP7s6SvbWUkMKUPvfwsyB,apY5xx4oQACeKGyIhh2zsm,antripathi_rms,antripathi_rms,2021-04-26 18:15:53,2021-07-23 13:49:56,2021-07-23T08:17:16Z,VALID,z_antripathi,CDQ,False,SUPERMARKET_CONTACT,ORACLE,ALL_ROWS,-1,ON,1cf98930-3f92-4015-a648-d8ddffaa3821,SURNAME,,,,,,,,,,,
81c60f50-fa3b-4d34-aabe-fbf8ec7020ac,2,2,Prfl_SuperMarket_Contact,,kkP7s6SvbWUkMKUPvfwsyB,apY5xx4oQACeKGyIhh2zsm,antripathi_rms,antripathi_rms,2021-04-26 18:15:53,2021-07-23 13:49:56,2021-07-23T08:17:16Z,VALID,z_antripathi,CDQ,False,SUPERMARKET_CONTACT,ORACLE,ALL_ROWS,-1,ON,70787851-4296-4cc4-bc6f-50aba053a76f,ADDR4,,,,,,,,,,,
81c60f50-fa3b-4d34-aabe-fbf8ec7020ac,2,2,Prfl_SuperMarket_Contact,,kkP7s6SvbWUkMKUPvfwsyB,apY5xx4oQACeKGyIhh2zsm,antripathi_rms,antripathi_rms,2021-04-26 18:15:53,2021-07-23 13:49:56,2021-07-23T08:17:16Z,VALID,z_antripathi,CDQ,False,SUPERMARKET_CONTACT,ORACLE,ALL_ROWS,-1,ON,86140d7c-fa01-4b0b-8ce1-1637186af678,ADDR2,,,,,,,,,,,
81c60f50-fa3b-4d34-aabe-fbf8ec7020ac,2,2,Prfl_SuperMarket_Contact,,kkP7s6SvbWUkMKUPvfwsyB,apY5xx4oQACeKGyIhh2zsm,antripathi_rms,antripathi_rms,2021-04-26 18:15:53,2021-07-23 13:49:56,2021-07-23T08:17:16Z,VALID,z_antripathi,CDQ,False,SUPERMARKET_CONTACT,ORACLE,ALL_ROWS,-1,ON,b36d9194-ebe3-4622-a11d-7abdc952d4ad,FIRSTNAME,,,,,,,,,,,
81c60f50-fa3b-4d34-aabe-fbf8ec7020ac,2,2,Prfl_SuperMarket_Contact,,kkP7s6SvbWUkMKUPvfwsyB,apY5xx4oQACeKGyIhh2zsm,antripathi_rms,antripathi_rms,2021-04-26 18:15:53,2021-07-23 13:49:56,2021-07-23T08:17:16Z,VALID,z_antripathi,CDQ,False,SUPERMARKET_CONTACT,ORACLE,ALL_ROWS,-1,ON,4e9c3f29-725f-417f-bfb4-59d03104ad2b,COUNTRY,RULE_SPECIFICATION,0HlG7h8XRFkfEf4fSDfQ6L,Rsp_Validate_Country,ACCURACY,2021-04-26T12:26:21Z,2021-11-12T13:35:55Z,2021-11-12T13:35:55Z,VALID,z_antripathi,Rule_Specifications,81c60f50-fa3b-4d34-aabe-fbf8ec7020ac0HlG7h8XRFkfEf4fSDfQ6L
127a6203-7ed3-4609-8dc0-00e859ed0efe,202,1,Profile_CUSTOMER,Profile on Customer Data Set,kkP7s6SvbWUkMKUPvfwsyB,acYeOs4K1s3bCwZzMBP0OV,vivesingh,vivesingh,2021-09-15 21:17:51,2021-11-22 18:40:01,2021-11-22T13:10:02Z,VALID,z_vivesingh,CDQ,False,CUSTOMER,ORACLE,FIRST_N_ROWS,100,ON,02b92728-3938-4e6a-b1af-120acc82cc81,CUST_COUNTRY,,,,,,,,,,,
127a6203-7ed3-4609-8dc0-00e859ed0efe,202,1,Profile_CUSTOMER,Profile on Customer Data Set,kkP7s6SvbWUkMKUPvfwsyB,acYeOs4K1s3bCwZzMBP0OV,vivesingh,vivesingh,2021-09-15 21:17:51,2021-11-22 18:40:01,2021-11-22T13:10:02Z,VALID,z_vivesingh,CDQ,False,CUSTOMER,ORACLE,FIRST_N_ROWS,100,ON,63a84a8c-d016-47d6-8ecc-605f924923d7,CUST_STATE,,,,,,,,,,,
127a6203-7ed3-4609-8dc0-00e859ed0efe,202,1,Profile_CUSTOMER,Profile on Customer Data Set,kkP7s6SvbWUkMKUPvfwsyB,acYeOs4K1s3bCwZzMBP0OV,vivesingh,vivesingh,2021-09-15 21:17:51,2021-11-22 18:40:01,2021-11-22T13:10:02Z,VALID,z_vivesingh,CDQ,False,CUSTOMER,ORACLE,FIRST_N_ROWS,100,ON,24d56729-3dca-421e-97b1-50410ed7d154,CUST_COUNTRY,RULE_SPECIFICATION,8cTpv1FMQpjhhOqpzLLsy0,rs_Validate_Country_Name,ACCURACY,2021-09-15T15:32:57Z,2021-11-12T13:43:58Z,2021-11-12T13:43:58Z,VALID,z_vivesingh,CDQ,127a6203-7ed3-4609-8dc0-00e859ed0efe8cTpv1FMQpjhhOqpzLLsy0
127a6203-7ed3-4609-8dc0-00e859ed0efe,202,1,Profile_CUSTOMER,Profile on Customer Data Set,kkP7s6SvbWUkMKUPvfwsyB,acYeOs4K1s3bCwZzMBP0OV,vivesingh,vivesingh,2021-09-15 21:17:51,2021-11-22 18:40:01,2021-11-22T13:10:02Z,VALID,z_vivesingh,CDQ,False,CUSTOMER,ORACLE,FIRST_N_ROWS,100,ON,551fa9a1-dde3-4548-9794-12390f38b4cb,CUST_EMAIL,PARSE,74TPi4a2MBMcL14YqLtVgC,Parse_Email,,2021-08-23T14:38:14Z,2021-09-15T08:03:53Z,2021-09-15T08:03:53Z,VALID,z_vivesingh,CDQ,127a6203-7ed3-4609-8dc0-00e859ed0efe74TPi4a2MBMcL14YqLtVgC
127a6203-7ed3-4609-8dc0-00e859ed0efe,202,1,Profile_CUSTOMER,Profile on Customer Data Set,kkP7s6SvbWUkMKUPvfwsyB,acYeOs4K1s3bCwZzMBP0OV,vivesingh,vivesingh,2021-09-15 21:17:51,2021-11-22 18:40:01,2021-11-22T13:10:02Z,VALID,z_vivesingh,CDQ,False,CUSTOMER,ORACLE,FIRST_N_ROWS,100,ON,d3ac5413-48d3-4df0-a7d0-8b4a4fabbc2b,CUST_EMAIL,,,,,,,,,,,
127a6203-7ed3-4609-8dc0-00e859ed0efe,202,1,Profile_CUSTOMER,Profile on Customer Data Set,kkP7s6SvbWUkMKUPvfwsyB,acYeOs4K1s3bCwZzMBP0OV,vivesingh,vivesingh,2021-09-15 21:17:51,2021-11-22 18:40:01,2021-11-22T13:10:02Z,VALID,z_vivesingh,CDQ,False,CUSTOMER,ORACLE,FIRST_N_ROWS,100,ON,74b83777-3fd9-45f2-92aa-50ec2fb2b6f8,CUST_FIRST_NAME,,,,,,,,,,,
127a6203-7ed3-4609-8dc0-00e859ed0efe,202,1,Profile_CUSTOMER,Profile on Customer Data Set,kkP7s6SvbWUkMKUPvfwsyB,acYeOs4K1s3bCwZzMBP0OV,vivesingh,vivesingh,2021-09-15 21:17:51,2021-11-22 18:40:01,2021-11-22T13:10:02Z,VALID,z_vivesingh,CDQ,False,CUSTOMER,ORACLE,FIRST_N_ROWS,100,ON,977662f6-eecc-4d3b-a372-014ba194726c,CUST_PHONE,RULE_SPECIFICATION,2uVPtVczd0ji2dXKHQ1hOw,rs_Phone_Conformity_Check,VALIDITY,2021-09-15T10:47:03Z,2021-11-12T13:42:33Z,2021-11-12T13:42:33Z,VALID,z_vivesingh,CDQ,127a6203-7ed3-4609-8dc0-00e859ed0efe2uVPtVczd0ji2dXKHQ1hOw
127a6203-7ed3-4609-8dc0-00e859ed0efe,202,1,Profile_CUSTOMER,Profile on Customer Data Set,kkP7s6SvbWUkMKUPvfwsyB,acYeOs4K1s3bCwZzMBP0OV,vivesingh,vivesingh,2021-09-15 21:17:51,2021-11-22 18:40:01,2021-11-22T13:10:02Z,VALID,z_vivesingh,CDQ,False,CUSTOMER,ORACLE,FIRST_N_ROWS,100,ON,3e188e6b-91f8-485c-bd9c-e2b04dd7fc60,CUST_PHONE,,,,,,,,,,,
127a6203-7ed3-4609-8dc0-00e859ed0efe,202,1,Profile_CUSTOMER,Profile on Customer Data Set,kkP7s6SvbWUkMKUPvfwsyB,acYeOs4K1s3bCwZzMBP0OV,vivesingh,vivesingh,2021-09-15 21:17:51,2021-11-22 18:40:01,2021-11-22T13:10:02Z,VALID,z_vivesingh,CDQ,False,CUSTOMER,ORACLE,FIRST_N_ROWS,100,ON,603376e2-9f7a-414e-9578-243422a347c1,CUST_IP_ADDRESS,,,,,,,,,,,
127a6203-7ed3-4609-8dc0-00e859ed0efe,202,1,Profile_CUSTOMER,Profile on Customer Data Set,kkP7s6SvbWUkMKUPvfwsyB,acYeOs4K1s3bCwZzMBP0OV,vivesingh,vivesingh,2021-09-15 21:17:51,2021-11-22 18:40:01,2021-11-22T13:10:02Z,VALID,z_vivesingh,CDQ,False,CUSTOMER,ORACLE,FIRST_N_ROWS,100,ON,aaeadcd1-2cbf-471f-b7d5-cacff73a17a5,CUST_ZIP,,,,,,,,,,,
127a6203-7ed3-4609-8dc0-00e859ed0efe,202,1,Profile_CUSTOMER,Profile on Customer Data Set,kkP7s6SvbWUkMKUPvfwsyB,acYeOs4K1s3bCwZzMBP0OV,vivesingh,vivesingh,2021-09-15 21:17:51,2021-11-22 18:40:01,2021-11-22T13:10:02Z,VALID,z_vivesingh,CDQ,False,CUSTOMER,ORACLE,FIRST_N_ROWS,100,ON,3f698025-fa0a-475c-9890-cc8e96e503a4,CUST_ADDRESS,,,,,,,,,,,
127a6203-7ed3-4609-8dc0-00e859ed0efe,202,1,Profile_CUSTOMER,Profile on Customer Data Set,kkP7s6SvbWUkMKUPvfwsyB,acYeOs4K1s3bCwZzMBP0OV,vivesingh,vivesingh,2021-09-15 21:17:51,2021-11-22 18:40:01,2021-11-22T13:10:02Z,VALID,z_vivesingh,CDQ,False,CUSTOMER,ORACLE,FIRST_N_ROWS,100,ON,f9c0d155-9319-488f-9eff-de1ce7ae555f,CUST_LAST_NAME,,,,,,,,,,,
127a6203-7ed3-4609-8dc0-00e859ed0efe,202,1,Profile_CUSTOMER,Profile on Customer Data Set,kkP7s6SvbWUkMKUPvfwsyB,acYeOs4K1s3bCwZzMBP0OV,vivesingh,vivesingh,2021-09-15 21:17:51,2021-11-22 18:40:01,2021-11-22T13:10:02Z,VALID,z_vivesingh,CDQ,False,CUSTOMER,ORACLE,FIRST_N_ROWS,100,ON,d406e537-315b-4b48-8ffa-e3392ac6a3aa,CUST_CITY,,,,,,,,,,,
127a6203-7ed3-4609-8dc0-00e859ed0efe,202,1,Profile_CUSTOMER,Profile on Customer Data Set,kkP7s6SvbWUkMKUPvfwsyB,acYeOs4K1s3bCwZzMBP0OV,vivesingh,vivesingh,2021-09-15 21:17:51,2021-11-22 18:40:01,2021-11-22T13:10:02Z,VALID,z_vivesingh,CDQ,False,CUSTOMER,ORACLE,FIRST_N_ROWS,100,ON,bd295864-4191-4a11-97ae-e5242998b168,CUST_ID,,,,,,,,,,,
20a1bca5-8718-4d4e-b7b9-e042eb5d7308,203,20,Profile_Customer,,kkP7s6SvbWUkMKUPvfwsyB,acYeOs4K1s3bCwZzMBP0OV,arighosh,vivesingh,2021-09-20 19:23:22,2021-11-12 20:51:31,2021-09-22T10:22:10Z,VALID,z_Arindam,Profiles,True,CUSTOMER,ORACLE,ALL_ROWS,-1,ON,84fea930-f0fa-455d-a07a-e15ce495b790,CUST_CITY,,,,,,,,,,,
20a1bca5-8718-4d4e-b7b9-e042eb5d7308,203,20,Profile_Customer,,kkP7s6SvbWUkMKUPvfwsyB,acYeOs4K1s3bCwZzMBP0OV,arighosh,vivesingh,2021-09-20 19:23:22,2021-11-12 20:51:31,2021-09-22T10:22:10Z,VALID,z_Arindam,Profiles,True,CUSTOMER,ORACLE,ALL_ROWS,-1,ON,1415acdd-caf0-457d-8a7b-7caae83796f5,CUST_FIRST_NAME,,,,,,,,,,,
20a1bca5-8718-4d4e-b7b9-e042eb5d7308,203,20,Profile_Customer,,kkP7s6SvbWUkMKUPvfwsyB,acYeOs4K1s3bCwZzMBP0OV,arighosh,vivesingh,2021-09-20 19:23:22,2021-11-12 20:51:31,2021-09-22T10:22:10Z,VALID,z_Arindam,Profiles,True,CUSTOMER,ORACLE,ALL_ROWS,-1,ON,d91d5337-ae1b-4337-9fa2-4c33186dc044,CUST_ADDRESS,,,,,,,,,,,
20a1bca5-8718-4d4e-b7b9-e042eb5d7308,203,20,Profile_Customer,,kkP7s6SvbWUkMKUPvfwsyB,acYeOs4K1s3bCwZzMBP0OV,arighosh,vivesingh,2021-09-20 19:23:22,2021-11-12 20:51:31,2021-09-22T10:22:10Z,VALID,z_Arindam,Profiles,True,CUSTOMER,ORACLE,ALL_ROWS,-1,ON,c4f08470-89e5-490d-ae0f-2609491c56d9,CUST_ZIP,,,,,,,,,,,
20a1bca5-8718-4d4e-b7b9-e042eb5d7308,203,20,Profile_Customer,,kkP7s6SvbWUkMKUPvfwsyB,acYeOs4K1s3bCwZzMBP0OV,arighosh,vivesingh,2021-09-20 19:23:22,2021-11-12 20:51:31,2021-09-22T10:22:10Z,VALID,z_Arindam,Profiles,True,CUSTOMER,ORACLE,ALL_ROWS,-1,ON,6e661386-2d9c-4d7b-be03-02471255a798,CUST_COUNTRY,,,,,,,,,,,
20a1bca5-8718-4d4e-b7b9-e042eb5d7308,203,20,Profile_Customer,,kkP7s6SvbWUkMKUPvfwsyB,acYeOs4K1s3bCwZzMBP0OV,arighosh,vivesingh,2021-09-20 19:23:22,2021-11-12 20:51:31,2021-09-22T10:22:10Z,VALID,z_Arindam,Profiles,True,CUSTOMER,ORACLE,ALL_ROWS,-1,ON,c578b026-37d9-4493-989e-4f8b2632ec52,CUST_IP_ADDRESS,,,,,,,,,,,
20a1bca5-8718-4d4e-b7b9-e042eb5d7308,203,20,Profile_Customer,,kkP7s6SvbWUkMKUPvfwsyB,acYeOs4K1s3bCwZzMBP0OV,arighosh,vivesingh,2021-09-20 19:23:22,2021-11-12 20:51:31,2021-09-22T10:22:10Z,VALID,z_Arindam,Profiles,True,CUSTOMER,ORACLE,ALL_ROWS,-1,ON,e04aea32-6b6f-45e8-858e-f38eff2ac4f6,CUST_PHONE,,,,,,,,,,,
20a1bca5-8718-4d4e-b7b9-e042eb5d7308,203,20,Profile_Customer,,kkP7s6SvbWUkMKUPvfwsyB,acYeOs4K1s3bCwZzMBP0OV,arighosh,vivesingh,2021-09-20 19:23:22,2021-11-12 20:51:31,2021-09-22T10:22:10Z,VALID,z_Arindam,Profiles,True,CUSTOMER,ORACLE,ALL_ROWS,-1,ON,0a6d7d88-c468-4811-a582-d7bd7677da76,CUST_COUNTRY,RULE_SPECIFICATION,6BvrtJudNBLltCJBMsONMS,Validate_CUST_COUNTRY,ACCURACY,2021-09-20T13:59:38Z,2021-11-12T13:40:25Z,2021-11-12T13:40:25Z,VALID,z_Arindam,,20a1bca5-8718-4d4e-b7b9-e042eb5d73086BvrtJudNBLltCJBMsONMS
20a1bca5-8718-4d4e-b7b9-e042eb5d7308,203,20,Profile_Customer,,kkP7s6SvbWUkMKUPvfwsyB,acYeOs4K1s3bCwZzMBP0OV,arighosh,vivesingh,2021-09-20 19:23:22,2021-11-12 20:51:31,2021-09-22T10:22:10Z,VALID,z_Arindam,Profiles,True,CUSTOMER,ORACLE,ALL_ROWS,-1,ON,5f42d7e2-c7fe-4bbf-9ee2-644e8444ff1c,CUST_EMAIL,,,,,,,,,,,
20a1bca5-8718-4d4e-b7b9-e042eb5d7308,203,20,Profile_Customer,,kkP7s6SvbWUkMKUPvfwsyB,acYeOs4K1s3bCwZzMBP0OV,arighosh,vivesingh,2021-09-20 19:23:22,2021-11-12 20:51:31,2021-09-22T10:22:10Z,VALID,z_Arindam,Profiles,True,CUSTOMER,ORACLE,ALL_ROWS,-1,ON,ebaeaa90-9774-487e-9a88-3815c03d081d,CUST_LAST_NAME,,,,,,,,,,,
20a1bca5-8718-4d4e-b7b9-e042eb5d7308,203,20,Profile_Customer,,kkP7s6SvbWUkMKUPvfwsyB,acYeOs4K1s3bCwZzMBP0OV,arighosh,vivesingh,2021-09-20 19:23:22,2021-11-12 20:51:31,2021-09-22T10:22:10Z,VALID,z_Arindam,Profiles,True,CUSTOMER,ORACLE,ALL_ROWS,-1,ON,ac02cbca-6fc1-4fe4-bfb2-425b27115771,CUST_STATE,,,,,,,,,,,
58eb5ad0-3a19-4d45-846e-0242d143b490,1,2,profile_Customers,,kkP7s6SvbWUkMKUPvfwsyB,9A7hfKB31gTbcp1PIYiOSC,sd_9,sd_9,2019-12-09 04:25:48,2019-12-09 04:25:48,2019-12-08T23:18:37Z,VALID,CDQ,,False,US_customers.csv,DELIMITED,ALL_ROWS,-1,ON,64cadb7b-1ac7-4bc6-8618-891776204cee,SHIPPING_STREET,,,,,,,,,,,
58eb5ad0-3a19-4d45-846e-0242d143b490,1,2,profile_Customers,,kkP7s6SvbWUkMKUPvfwsyB,9A7hfKB31gTbcp1PIYiOSC,sd_9,sd_9,2019-12-09 04:25:48,2019-12-09 04:25:48,2019-12-08T23:18:37Z,VALID,CDQ,,False,US_customers.csv,DELIMITED,ALL_ROWS,-1,ON,d2a1cc1b-a874-40e7-b48d-7b49ced90d5e,SHIPPING_CITY,,,,,,,,,,,
58eb5ad0-3a19-4d45-846e-0242d143b490,1,2,profile_Customers,,kkP7s6SvbWUkMKUPvfwsyB,9A7hfKB31gTbcp1PIYiOSC,sd_9,sd_9,2019-12-09 04:25:48,2019-12-09 04:25:48,2019-12-08T23:18:37Z,VALID,CDQ,,False,US_customers.csv,DELIMITED,ALL_ROWS,-1,ON,78126491-8503-4a1e-b068-54c21b791309,PO_NUM,,,,,,,,,,,
58eb5ad0-3a19-4d45-846e-0242d143b490,1,2,profile_Customers,,kkP7s6SvbWUkMKUPvfwsyB,9A7hfKB31gTbcp1PIYiOSC,sd_9,sd_9,2019-12-09 04:25:48,2019-12-09 04:25:48,2019-12-08T23:18:37Z,VALID,CDQ,,False,US_customers.csv,DELIMITED,ALL_ROWS,-1,ON,500ae812-3ae7-419a-a6c2-68f915e2a961,SHIPPING_ZIP,,,,,,,,,,,
58eb5ad0-3a19-4d45-846e-0242d143b490,1,2,profile_Customers,,kkP7s6SvbWUkMKUPvfwsyB,9A7hfKB31gTbcp1PIYiOSC,sd_9,sd_9,2019-12-09 04:25:48,2019-12-09 04:25:48,2019-12-08T23:18:37Z,VALID,CDQ,,False,US_customers.csv,DELIMITED,ALL_ROWS,-1,ON,93e7bc74-edb6-4d7f-8675-2fe827f01d85,COUNTRY,,,,,,,,,,,
58eb5ad0-3a19-4d45-846e-0242d143b490,1,2,profile_Customers,,kkP7s6SvbWUkMKUPvfwsyB,9A7hfKB31gTbcp1PIYiOSC,sd_9,sd_9,2019-12-09 04:25:48,2019-12-09 04:25:48,2019-12-08T23:18:37Z,VALID,CDQ,,False,US_customers.csv,DELIMITED,ALL_ROWS,-1,ON,52b30ee9-4bf6-4106-8a1d-09b3878b69ae,TAX_RATE,,,,,,,,,,,
58eb5ad0-3a19-4d45-846e-0242d143b490,1,2,profile_Customers,,kkP7s6SvbWUkMKUPvfwsyB,9A7hfKB31gTbcp1PIYiOSC,sd_9,sd_9,2019-12-09 04:25:48,2019-12-09 04:25:48,2019-12-08T23:18:37Z,VALID,CDQ,,False,US_customers.csv,DELIMITED,ALL_ROWS,-1,ON,4f387db5-8b18-405a-9b5e-6afb0e2bbce4,SUPID,,,,,,,,,,,
58eb5ad0-3a19-4d45-846e-0242d143b490,1,2,profile_Customers,,kkP7s6SvbWUkMKUPvfwsyB,9A7hfKB31gTbcp1PIYiOSC,sd_9,sd_9,2019-12-09 04:25:48,2019-12-09 04:25:48,2019-12-08T23:18:37Z,VALID,CDQ,,False,US_customers.csv,DELIMITED,ALL_ROWS,-1,ON,5f951e8c-35e4-4e57-9700-a45261f97b9d,UNIT_COST,,,,,,,,,,,
58eb5ad0-3a19-4d45-846e-0242d143b490,1,2,profile_Customers,,kkP7s6SvbWUkMKUPvfwsyB,9A7hfKB31gTbcp1PIYiOSC,sd_9,sd_9,2019-12-09 04:25:48,2019-12-09 04:25:48,2019-12-08T23:18:37Z,VALID,CDQ,,False,US_customers.csv,DELIMITED,ALL_ROWS,-1,ON,29351999-8e77-4c2b-aa52-57577327e7af,PAY_MTHD,,,,,,,,,,,
58eb5ad0-3a19-4d45-846e-0242d143b490,1,2,profile_Customers,,kkP7s6SvbWUkMKUPvfwsyB,9A7hfKB31gTbcp1PIYiOSC,sd_9,sd_9,2019-12-09 04:25:48,2019-12-09 04:25:48,2019-12-08T23:18:37Z,VALID,CDQ,,False,US_customers.csv,DELIMITED,ALL_ROWS,-1,ON,09225eb1-8eed-44ed-8054-47b6d1098dde,PHONE,,,,,,,,,,,
58eb5ad0-3a19-4d45-846e-0242d143b490,1,2,profile_Customers,,kkP7s6SvbWUkMKUPvfwsyB,9A7hfKB31gTbcp1PIYiOSC,sd_9,sd_9,2019-12-09 04:25:48,2019-12-09 04:25:48,2019-12-08T23:18:37Z,VALID,CDQ,,False,US_customers.csv,DELIMITED,ALL_ROWS,-1,ON,58198885-b105-4515-977b-11614fb7f3a8,ID,,,,,,,,,,,
58eb5ad0-3a19-4d45-846e-0242d143b490,1,2,profile_Customers,,kkP7s6SvbWUkMKUPvfwsyB,9A7hfKB31gTbcp1PIYiOSC,sd_9,sd_9,2019-12-09 04:25:48,2019-12-09 04:25:48,2019-12-08T23:18:37Z,VALID,CDQ,,False,US_customers.csv,DELIMITED,ALL_ROWS,-1,ON,b1648eeb-b02e-4654-9028-16a5caea4c52,SHIP_DT,,,,,,,,,,,
58eb5ad0-3a19-4d45-846e-0242d143b490,1,2,profile_Customers,,kkP7s6SvbWUkMKUPvfwsyB,9A7hfKB31gTbcp1PIYiOSC,sd_9,sd_9,2019-12-09 04:25:48,2019-12-09 04:25:48,2019-12-08T23:18:37Z,VALID,CDQ,,False,US_customers.csv,DELIMITED,ALL_ROWS,-1,ON,2bfcd912-6788-42ac-b458-a63c5da65951,COMPANY,,,,,,,,,,,
58eb5ad0-3a19-4d45-846e-0242d143b490,1,2,profile_Customers,,kkP7s6SvbWUkMKUPvfwsyB,9A7hfKB31gTbcp1PIYiOSC,sd_9,sd_9,2019-12-09 04:25:48,2019-12-09 04:25:48,2019-12-08T23:18:37Z,VALID,CDQ,,False,US_customers.csv,DELIMITED,ALL_ROWS,-1,ON,e6101d4a-1234-415d-9a5e-ddcc5511df6e,ITEM_NO,,,,,,,,,,,
58eb5ad0-3a19-4d45-846e-0242d143b490,1,2,profile_Customers,,kkP7s6SvbWUkMKUPvfwsyB,9A7hfKB31gTbcp1PIYiOSC,sd_9,sd_9,2019-12-09 04:25:48,2019-12-09 04:25:48,2019-12-08T23:18:37Z,VALID,CDQ,,False,US_customers.csv,DELIMITED,ALL_ROWS,-1,ON,aba8476e-acde-43bd-9cfa-ca08c74d84c6,BILLCODE,,,,,,,,,,,
58eb5ad0-3a19-4d45-846e-0242d143b490,1,2,profile_Customers,,kkP7s6SvbWUkMKUPvfwsyB,9A7hfKB31gTbcp1PIYiOSC,sd_9,sd_9,2019-12-09 04:25:48,2019-12-09 04:25:48,2019-12-08T23:18:37Z,VALID,CDQ,,False,US_customers.csv,DELIMITED,ALL_ROWS,-1,ON,4cc7bb67-b238-4c55-b331-1139cce54190,STATUS,,,,,,,,,,,
58eb5ad0-3a19-4d45-846e-0242d143b490,1,2,profile_Customers,,kkP7s6SvbWUkMKUPvfwsyB,9A7hfKB31gTbcp1PIYiOSC,sd_9,sd_9,2019-12-09 04:25:48,2019-12-09 04:25:48,2019-12-08T23:18:37Z,VALID,CDQ,,False,US_customers.csv,DELIMITED,ALL_ROWS,-1,ON,28ac2550-d17a-49b3-a795-8cdea18bb881,PAY_TERM,,,,,,,,,,,
58eb5ad0-3a19-4d45-846e-0242d143b490,1,2,profile_Customers,,kkP7s6SvbWUkMKUPvfwsyB,9A7hfKB31gTbcp1PIYiOSC,sd_9,sd_9,2019-12-09 04:25:48,2019-12-09 04:25:48,2019-12-08T23:18:37Z,VALID,CDQ,,False,US_customers.csv,DELIMITED,ALL_ROWS,-1,ON,2b5227fe-47ff-43da-a235-7db672dbbaef,ORDER_DATE,,,,,,,,,,,
58eb5ad0-3a19-4d45-846e-0242d143b490,1,2,profile_Customers,,kkP7s6SvbWUkMKUPvfwsyB,9A7hfKB31gTbcp1PIYiOSC,sd_9,sd_9,2019-12-09 04:25:48,2019-12-09 04:25:48,2019-12-08T23:18:37Z,VALID,CDQ,,False,US_customers.csv,DELIMITED,ALL_ROWS,-1,ON,a55babaf-88c2-45f9-988a-d009044dae94,SP_NO,,,,,,,,,,,
58eb5ad0-3a19-4d45-846e-0242d143b490,1,2,profile_Customers,,kkP7s6SvbWUkMKUPvfwsyB,9A7hfKB31gTbcp1PIYiOSC,sd_9,sd_9,2019-12-09 04:25:48,2019-12-09 04:25:48,2019-12-08T23:18:37Z,VALID,CDQ,,False,US_customers.csv,DELIMITED,ALL_ROWS,-1,ON,cd79dc1c-b93e-4363-aa2b-50f8af378025,TITLE,,,,,,,,,,,
58eb5ad0-3a19-4d45-846e-0242d143b490,1,2,profile_Customers,,kkP7s6SvbWUkMKUPvfwsyB,9A7hfKB31gTbcp1PIYiOSC,sd_9,sd_9,2019-12-09 04:25:48,2019-12-09 04:25:48,2019-12-08T23:18:37Z,VALID,CDQ,,False,US_customers.csv,DELIMITED,ALL_ROWS,-1,ON,82625001-6ef7-4855-aae2-cf6e1f94a032,QUANTITY,,,,,,,,,,,
58eb5ad0-3a19-4d45-846e-0242d143b490,1,2,profile_Customers,,kkP7s6SvbWUkMKUPvfwsyB,9A7hfKB31gTbcp1PIYiOSC,sd_9,sd_9,2019-12-09 04:25:48,2019-12-09 04:25:48,2019-12-08T23:18:37Z,VALID,CDQ,,False,US_customers.csv,DELIMITED,ALL_ROWS,-1,ON,55ba33ab-c4dd-4185-8b54-2e8f3a927eb0,ITEM_DSC,,,,,,,,,,,
58eb5ad0-3a19-4d45-846e-0242d143b490,1,2,profile_Customers,,kkP7s6SvbWUkMKUPvfwsyB,9A7hfKB31gTbcp1PIYiOSC,sd_9,sd_9,2019-12-09 04:25:48,2019-12-09 04:25:48,2019-12-08T23:18:37Z,VALID,CDQ,,False,US_customers.csv,DELIMITED,ALL_ROWS,-1,ON,6698bbef-81a3-480e-a21d-b4f0e8fa3855,EMAIL,,,,,,,,,,,
58eb5ad0-3a19-4d45-846e-0242d143b490,1,2,profile_Customers,,kkP7s6SvbWUkMKUPvfwsyB,9A7hfKB31gTbcp1PIYiOSC,sd_9,sd_9,2019-12-09 04:25:48,2019-12-09 04:25:48,2019-12-08T23:18:37Z,VALID,CDQ,,False,US_customers.csv,DELIMITED,ALL_ROWS,-1,ON,6d70e921-e3e9-4478-972a-2c0fc34111b4,SHIPPING_STATE,,,,,,,,,,,
58eb5ad0-3a19-4d45-846e-0242d143b490,1,2,profile_Customers,,kkP7s6SvbWUkMKUPvfwsyB,9A7hfKB31gTbcp1PIYiOSC,sd_9,sd_9,2019-12-09 04:25:48,2019-12-09 04:25:48,2019-12-08T23:18:37Z,VALID,CDQ,,False,US_customers.csv,DELIMITED,ALL_ROWS,-1,ON,46f612e8-0eed-4a81-92ef-ece615915a4c,ORDER_NO,,,,,,,,,,,
58eb5ad0-3a19-4d45-846e-0242d143b490,1,2,profile_Customers,,kkP7s6SvbWUkMKUPvfwsyB,9A7hfKB31gTbcp1PIYiOSC,sd_9,sd_9,2019-12-09 04:25:48,2019-12-09 04:25:48,2019-12-08T23:18:37Z,VALID,CDQ,,False,US_customers.csv,DELIMITED,ALL_ROWS,-1,ON,5857f29c-0f26-4484-99cb-6aa5047788bd,CONTACT,,,,,,,,,,,
307e5f75-dac2-493b-a5d8-1db279c07092,153,9,Profile_CUSTOMER_DATA,,kkP7s6SvbWUkMKUPvfwsyB,acYeOs4K1s3bCwZzMBP0OV,vivesingh,vivesingh,2021-08-23 19:21:04,2021-08-23 21:57:43,2021-08-23T15:33:36Z,VALID,z_vivesingh,CDQ,False,CUSTOMER_DATA,ORACLE,ALL_ROWS,-1,ON,38b3e497-a197-430d-8fe9-058f8941c7ad,GENDER,,,,,,,,,,,
307e5f75-dac2-493b-a5d8-1db279c07092,153,9,Profile_CUSTOMER_DATA,,kkP7s6SvbWUkMKUPvfwsyB,acYeOs4K1s3bCwZzMBP0OV,vivesingh,vivesingh,2021-08-23 19:21:04,2021-08-23 21:57:43,2021-08-23T15:33:36Z,VALID,z_vivesingh,CDQ,False,CUSTOMER_DATA,ORACLE,ALL_ROWS,-1,ON,2579ec3f-30ef-4179-a96b-f22b26116928,LAST_NAME,,,,,,,,,,,
307e5f75-dac2-493b-a5d8-1db279c07092,153,9,Profile_CUSTOMER_DATA,,kkP7s6SvbWUkMKUPvfwsyB,acYeOs4K1s3bCwZzMBP0OV,vivesingh,vivesingh,2021-08-23 19:21:04,2021-08-23 21:57:43,2021-08-23T15:33:36Z,VALID,z_vivesingh,CDQ,False,CUSTOMER_DATA,ORACLE,ALL_ROWS,-1,ON,91573217-d18e-44aa-a10c-b1023ca6f62c,EMAIL,,,,,,,,,,,
307e5f75-dac2-493b-a5d8-1db279c07092,153,9,Profile_CUSTOMER_DATA,,kkP7s6SvbWUkMKUPvfwsyB,acYeOs4K1s3bCwZzMBP0OV,vivesingh,vivesingh,2021-08-23 19:21:04,2021-08-23 21:57:43,2021-08-23T15:33:36Z,VALID,z_vivesingh,CDQ,False,CUSTOMER_DATA,ORACLE,ALL_ROWS,-1,ON,db2b9ea5-85f3-41ff-9e17-ea3e87ca3b78,IP_ADDRESS,,,,,,,,,,,
307e5f75-dac2-493b-a5d8-1db279c07092,153,9,Profile_CUSTOMER_DATA,,kkP7s6SvbWUkMKUPvfwsyB,acYeOs4K1s3bCwZzMBP0OV,vivesingh,vivesingh,2021-08-23 19:21:04,2021-08-23 21:57:43,2021-08-23T15:33:36Z,VALID,z_vivesingh,CDQ,False,CUSTOMER_DATA,ORACLE,ALL_ROWS,-1,ON,3b17a561-ee43-4aaa-aae7-46762d6ec2e1,COUNTRY,RULE_SPECIFICATION,a5wSwrInvMVjQt4DAv7dsP,rs_Validate_Country_Code,ACCURACY,2021-08-23T12:30:25Z,2021-11-12T13:45:03Z,2021-11-12T13:45:03Z,VALID,z_vivesingh,CDQ,307e5f75-dac2-493b-a5d8-1db279c07092a5wSwrInvMVjQt4DAv7dsP
307e5f75-dac2-493b-a5d8-1db279c07092,153,9,Profile_CUSTOMER_DATA,,kkP7s6SvbWUkMKUPvfwsyB,acYeOs4K1s3bCwZzMBP0OV,vivesingh,vivesingh,2021-08-23 19:21:04,2021-08-23 21:57:43,2021-08-23T15:33:36Z,VALID,z_vivesingh,CDQ,False,CUSTOMER_DATA,ORACLE,ALL_ROWS,-1,ON,c46562e0-a87f-491e-8475-64edfc854721,FIRST_NAME,,,,,,,,,,,
307e5f75-dac2-493b-a5d8-1db279c07092,153,9,Profile_CUSTOMER_DATA,,kkP7s6SvbWUkMKUPvfwsyB,acYeOs4K1s3bCwZzMBP0OV,vivesingh,vivesingh,2021-08-23 19:21:04,2021-08-23 21:57:43,2021-08-23T15:33:36Z,VALID,z_vivesingh,CDQ,False,CUSTOMER_DATA,ORACLE,ALL_ROWS,-1,ON,e44c0fd0-9c97-44f0-a63d-82635b184d35,COUNTRY,CLEANSE,aKAbOrQhhLejfcC9cYjsAt,Cleanse Country Information,,2021-08-23T13:55:53Z,2021-09-15T06:59:20Z,2021-09-15T06:59:20Z,VALID,z_vivesingh,CDQ,307e5f75-dac2-493b-a5d8-1db279c07092aKAbOrQhhLejfcC9cYjsAt
307e5f75-dac2-493b-a5d8-1db279c07092,153,9,Profile_CUSTOMER_DATA,,kkP7s6SvbWUkMKUPvfwsyB,acYeOs4K1s3bCwZzMBP0OV,vivesingh,vivesingh,2021-08-23 19:21:04,2021-08-23 21:57:43,2021-08-23T15:33:36Z,VALID,z_vivesingh,CDQ,False,CUSTOMER_DATA,ORACLE,ALL_ROWS,-1,ON,ad3a19b7-870c-4985-b57f-d4f8de9105e8,COUNTRY,,,,,,,,,,,
310ff883-dcdd-4679-9602-f42ecad5570e,104,2,Profile_PRODUCT,,kkP7s6SvbWUkMKUPvfwsyB,acYeOs4K1s3bCwZzMBP0OV,vivesingh,vivesingh,2021-09-15 20:43:45,2021-09-15 21:13:37,2021-09-15T15:13:46Z,VALID,z_vivesingh,CDQ,False,PRODUCT,ORACLE,ALL_ROWS,-1,ON,b78fe6d0-ad0c-4525-851c-fa8109993c12,DATE_ADDED,,,,,,,,,,,
310ff883-dcdd-4679-9602-f42ecad5570e,104,2,Profile_PRODUCT,,kkP7s6SvbWUkMKUPvfwsyB,acYeOs4K1s3bCwZzMBP0OV,vivesingh,vivesingh,2021-09-15 20:43:45,2021-09-15 21:13:37,2021-09-15T15:13:46Z,VALID,z_vivesingh,CDQ,False,PRODUCT,ORACLE,ALL_ROWS,-1,ON,96e8023e-a261-4c38-966e-70410c7669d3,PRICES_AMOUNTMIN,,,,,,,,,,,
310ff883-dcdd-4679-9602-f42ecad5570e,104,2,Profile_PRODUCT,,kkP7s6SvbWUkMKUPvfwsyB,acYeOs4K1s3bCwZzMBP0OV,vivesingh,vivesingh,2021-09-15 20:43:45,2021-09-15 21:13:37,2021-09-15T15:13:46Z,VALID,z_vivesingh,CDQ,False,PRODUCT,ORACLE,ALL_ROWS,-1,ON,26d8821a-df94-4cca-90e5-c133e327eaf2,MANUFACTURER,,,,,,,,,,,
310ff883-dcdd-4679-9602-f42ecad5570e,104,2,Profile_PRODUCT,,kkP7s6SvbWUkMKUPvfwsyB,acYeOs4K1s3bCwZzMBP0OV,vivesingh,vivesingh,2021-09-15 20:43:45,2021-09-15 21:13:37,2021-09-15T15:13:46Z,VALID,z_vivesingh,CDQ,False,PRODUCT,ORACLE,ALL_ROWS,-1,ON,f7c7512b-c483-4145-a624-06419751a473,PRODUCT_ID,,,,,,,,,,,
310ff883-dcdd-4679-9602-f42ecad5570e,104,2,Profile_PRODUCT,,kkP7s6SvbWUkMKUPvfwsyB,acYeOs4K1s3bCwZzMBP0OV,vivesingh,vivesingh,2021-09-15 20:43:45,2021-09-15 21:13:37,2021-09-15T15:13:46Z,VALID,z_vivesingh,CDQ,False,PRODUCT,ORACLE,ALL_ROWS,-1,ON,3665855e-d27a-44b2-bc44-0f0856b1ddca,BRAND,,,,,,,,,,,
310ff883-dcdd-4679-9602-f42ecad5570e,104,2,Profile_PRODUCT,,kkP7s6SvbWUkMKUPvfwsyB,acYeOs4K1s3bCwZzMBP0OV,vivesingh,vivesingh,2021-09-15 20:43:45,2021-09-15 21:13:37,2021-09-15T15:13:46Z,VALID,z_vivesingh,CDQ,False,PRODUCT,ORACLE,ALL_ROWS,-1,ON,537ccfff-cb4c-40b0-944e-1c7455e7fd9b,PRODUCT_NAME,,,,,,,,,,,
310ff883-dcdd-4679-9602-f42ecad5570e,104,2,Profile_PRODUCT,,kkP7s6SvbWUkMKUPvfwsyB,acYeOs4K1s3bCwZzMBP0OV,vivesingh,vivesingh,2021-09-15 20:43:45,2021-09-15 21:13:37,2021-09-15T15:13:46Z,VALID,z_vivesingh,CDQ,False,PRODUCT,ORACLE,ALL_ROWS,-1,ON,4377b53f-bba7-4693-a535-9c596f2a6a8d,WEIGHT,,,,,,,,,,,
310ff883-dcdd-4679-9602-f42ecad5570e,104,2,Profile_PRODUCT,,kkP7s6SvbWUkMKUPvfwsyB,acYeOs4K1s3bCwZzMBP0OV,vivesingh,vivesingh,2021-09-15 20:43:45,2021-09-15 21:13:37,2021-09-15T15:13:46Z,VALID,z_vivesingh,CDQ,False,PRODUCT,ORACLE,ALL_ROWS,-1,ON,741e6fab-5468-4503-9824-bb65fe628c40,DATE_UPDATED,,,,,,,,,,,
310ff883-dcdd-4679-9602-f42ecad5570e,104,2,Profile_PRODUCT,,kkP7s6SvbWUkMKUPvfwsyB,acYeOs4K1s3bCwZzMBP0OV,vivesingh,vivesingh,2021-09-15 20:43:45,2021-09-15 21:13:37,2021-09-15T15:13:46Z,VALID,z_vivesingh,CDQ,False,PRODUCT,ORACLE,ALL_ROWS,-1,ON,0acf4c11-ba02-4bfa-8443-5a2c6b04c800,PRIMARYCATEGORIES,,,,,,,,,,,
310ff883-dcdd-4679-9602-f42ecad5570e,104,2,Profile_PRODUCT,,kkP7s6SvbWUkMKUPvfwsyB,acYeOs4K1s3bCwZzMBP0OV,vivesingh,vivesingh,2021-09-15 20:43:45,2021-09-15 21:13:37,2021-09-15T15:13:46Z,VALID,z_vivesingh,CDQ,False,PRODUCT,ORACLE,ALL_ROWS,-1,ON,2539bf50-cb6d-4b2d-948f-ee976be4af03,PRICES_AVAILABILITY,,,,,,,,,,,
310ff883-dcdd-4679-9602-f42ecad5570e,104,2,Profile_PRODUCT,,kkP7s6SvbWUkMKUPvfwsyB,acYeOs4K1s3bCwZzMBP0OV,vivesingh,vivesingh,2021-09-15 20:43:45,2021-09-15 21:13:37,2021-09-15T15:13:46Z,VALID,z_vivesingh,CDQ,False,PRODUCT,ORACLE,ALL_ROWS,-1,ON,2934a67e-133e-4365-a2f5-246314a71f7b,PRICES_AMOUNTMAX,,,,,,,,,,,
310ff883-dcdd-4679-9602-f42ecad5570e,104,2,Profile_PRODUCT,,kkP7s6SvbWUkMKUPvfwsyB,acYeOs4K1s3bCwZzMBP0OV,vivesingh,vivesingh,2021-09-15 20:43:45,2021-09-15 21:13:37,2021-09-15T15:13:46Z,VALID,z_vivesingh,CDQ,False,PRODUCT,ORACLE,ALL_ROWS,-1,ON,fc7868f4-1840-4d75-acaa-0fabd96365e9,PRICES_CURRENCY,,,,,,,,,,,
310ff883-dcdd-4679-9602-f42ecad5570e,104,2,Profile_PRODUCT,,kkP7s6SvbWUkMKUPvfwsyB,acYeOs4K1s3bCwZzMBP0OV,vivesingh,vivesingh,2021-09-15 20:43:45,2021-09-15 21:13:37,2021-09-15T15:13:46Z,VALID,z_vivesingh,CDQ,False,PRODUCT,ORACLE,ALL_ROWS,-1,ON,a4325da8-03c1-4dcc-92ab-3b41e7a5c131,PRICES_SHIPPING,,,,,,,,,,,
5b787ebc-23d3-4bd8-9733-18d120465e82,154,8,Profile_SUPPLIER,,kkP7s6SvbWUkMKUPvfwsyB,acYeOs4K1s3bCwZzMBP0OV,vivesingh,arighosh,2021-09-15 15:18:04,2021-10-18 13:02:18,2021-09-15T15:38:32Z,VALID,z_vivesingh,CDQ,False,SUPPLIER,ORACLE,ALL_ROWS,-1,ON,6ed6bd56-c6c6-4742-bb33-5362d2dbc4a3,supplier_city,VERIFIER,kg2xCZ5DQUbkc0VKRTj8qh,Verifier Address Data,,2021-09-15T08:08:08Z,2021-09-15T08:15:22Z,2021-09-15T08:15:22Z,VALID,z_vivesingh,CDQ,5b787ebc-23d3-4bd8-9733-18d120465e82kg2xCZ5DQUbkc0VKRTj8qh
5b787ebc-23d3-4bd8-9733-18d120465e82,154,8,Profile_SUPPLIER,,kkP7s6SvbWUkMKUPvfwsyB,acYeOs4K1s3bCwZzMBP0OV,vivesingh,arighosh,2021-09-15 15:18:04,2021-10-18 13:02:18,2021-09-15T15:38:32Z,VALID,z_vivesingh,CDQ,False,SUPPLIER,ORACLE,ALL_ROWS,-1,ON,1f7c2323-29a8-45c1-9432-96d5e5e51886,supplier_zip,VERIFIER,kg2xCZ5DQUbkc0VKRTj8qh,Verifier Address Data,,2021-09-15T08:08:08Z,2021-09-15T08:15:22Z,2021-09-15T08:15:22Z,VALID,z_vivesingh,CDQ,5b787ebc-23d3-4bd8-9733-18d120465e82kg2xCZ5DQUbkc0VKRTj8qh
5b787ebc-23d3-4bd8-9733-18d120465e82,154,8,Profile_SUPPLIER,,kkP7s6SvbWUkMKUPvfwsyB,acYeOs4K1s3bCwZzMBP0OV,vivesingh,arighosh,2021-09-15 15:18:04,2021-10-18 13:02:18,2021-09-15T15:38:32Z,VALID,z_vivesingh,CDQ,False,SUPPLIER,ORACLE,ALL_ROWS,-1,ON,b89fa86b-d464-4856-9505-cbe2bd66fbd9,supplier_address,VERIFIER,kg2xCZ5DQUbkc0VKRTj8qh,Verifier Address Data,,2021-09-15T08:08:08Z,2021-09-15T08:15:22Z,2021-09-15T08:15:22Z,VALID,z_vivesingh,CDQ,5b787ebc-23d3-4bd8-9733-18d120465e82kg2xCZ5DQUbkc0VKRTj8qh
5b787ebc-23d3-4bd8-9733-18d120465e82,154,8,Profile_SUPPLIER,,kkP7s6SvbWUkMKUPvfwsyB,acYeOs4K1s3bCwZzMBP0OV,vivesingh,arighosh,2021-09-15 15:18:04,2021-10-18 13:02:18,2021-09-15T15:38:32Z,VALID,z_vivesingh,CDQ,False,SUPPLIER,ORACLE,ALL_ROWS,-1,ON,43ad6673-a9fd-4d97-8d67-f6dc6e027b92,supplier_country,VERIFIER,kg2xCZ5DQUbkc0VKRTj8qh,Verifier Address Data,,2021-09-15T08:08:08Z,2021-09-15T08:15:22Z,2021-09-15T08:15:22Z,VALID,z_vivesingh,CDQ,5b787ebc-23d3-4bd8-9733-18d120465e82kg2xCZ5DQUbkc0VKRTj8qh
5b787ebc-23d3-4bd8-9733-18d120465e82,154,8,Profile_SUPPLIER,,kkP7s6SvbWUkMKUPvfwsyB,acYeOs4K1s3bCwZzMBP0OV,vivesingh,arighosh,2021-09-15 15:18:04,2021-10-18 13:02:18,2021-09-15T15:38:32Z,VALID,z_vivesingh,CDQ,False,SUPPLIER,ORACLE,ALL_ROWS,-1,ON,9b32613f-b866-44da-b3f3-871e46103db5,supplier_phone,,,,,,,,,,,
5b787ebc-23d3-4bd8-9733-18d120465e82,154,8,Profile_SUPPLIER,,kkP7s6SvbWUkMKUPvfwsyB,acYeOs4K1s3bCwZzMBP0OV,vivesingh,arighosh,2021-09-15 15:18:04,2021-10-18 13:02:18,2021-09-15T15:38:32Z,VALID,z_vivesingh,CDQ,False,SUPPLIER,ORACLE,ALL_ROWS,-1,ON,c2430aab-ea94-478a-bde1-7cb4dd877901,SUPPLIER_LAST_NAME,,,,,,,,,,,
5b787ebc-23d3-4bd8-9733-18d120465e82,154,8,Profile_SUPPLIER,,kkP7s6SvbWUkMKUPvfwsyB,acYeOs4K1s3bCwZzMBP0OV,vivesingh,arighosh,2021-09-15 15:18:04,2021-10-18 13:02:18,2021-09-15T15:38:32Z,VALID,z_vivesingh,CDQ,False,SUPPLIER,ORACLE,ALL_ROWS,-1,ON,871652fe-f744-43bd-b180-8bf8718f9b47,field_1,,,,,,,,,,,
5b787ebc-23d3-4bd8-9733-18d120465e82,154,8,Profile_SUPPLIER,,kkP7s6SvbWUkMKUPvfwsyB,acYeOs4K1s3bCwZzMBP0OV,vivesingh,arighosh,2021-09-15 15:18:04,2021-10-18 13:02:18,2021-09-15T15:38:32Z,VALID,z_vivesingh,CDQ,False,SUPPLIER,ORACLE,ALL_ROWS,-1,ON,7e6962ad-9e78-4943-8d3c-e1374f7f70c9,SUPPLIER_STATE,,,,,,,,,,,
5b787ebc-23d3-4bd8-9733-18d120465e82,154,8,Profile_SUPPLIER,,kkP7s6SvbWUkMKUPvfwsyB,acYeOs4K1s3bCwZzMBP0OV,vivesingh,arighosh,2021-09-15 15:18:04,2021-10-18 13:02:18,2021-09-15T15:38:32Z,VALID,z_vivesingh,CDQ,False,SUPPLIER,ORACLE,ALL_ROWS,-1,ON,685ec2eb-128d-49cd-b876-fb9e65e69654,supplier_zip,,,,,,,,,,,
5b787ebc-23d3-4bd8-9733-18d120465e82,154,8,Profile_SUPPLIER,,kkP7s6SvbWUkMKUPvfwsyB,acYeOs4K1s3bCwZzMBP0OV,vivesingh,arighosh,2021-09-15 15:18:04,2021-10-18 13:02:18,2021-09-15T15:38:32Z,VALID,z_vivesingh,CDQ,False,SUPPLIER,ORACLE,ALL_ROWS,-1,ON,2f0d0d14-0b5c-49b8-b2aa-a1bc5bbd7b1d,SUPPLIER_COUNTRY,,,,,,,,,,,
5b787ebc-23d3-4bd8-9733-18d120465e82,154,8,Profile_SUPPLIER,,kkP7s6SvbWUkMKUPvfwsyB,acYeOs4K1s3bCwZzMBP0OV,vivesingh,arighosh,2021-09-15 15:18:04,2021-10-18 13:02:18,2021-09-15T15:38:32Z,VALID,z_vivesingh,CDQ,False,SUPPLIER,ORACLE,ALL_ROWS,-1,ON,17c77428-9040-4cdf-93cb-dc4bc55d29c1,supplier_phone,RULE_SPECIFICATION,2uVPtVczd0ji2dXKHQ1hOw,rs_Phone_Conformity_Check,VALIDITY,2021-09-15T10:47:03Z,2021-11-12T13:42:33Z,2021-11-12T13:42:33Z,VALID,z_vivesingh,CDQ,5b787ebc-23d3-4bd8-9733-18d120465e822uVPtVczd0ji2dXKHQ1hOw
5b787ebc-23d3-4bd8-9733-18d120465e82,154,8,Profile_SUPPLIER,,kkP7s6SvbWUkMKUPvfwsyB,acYeOs4K1s3bCwZzMBP0OV,vivesingh,arighosh,2021-09-15 15:18:04,2021-10-18 13:02:18,2021-09-15T15:38:32Z,VALID,z_vivesingh,CDQ,False,SUPPLIER,ORACLE,ALL_ROWS,-1,ON,5c3897fe-fd44-4456-8fb4-d8f1f15a62da,supplier_id,,,,,,,,,,,
5b787ebc-23d3-4bd8-9733-18d120465e82,154,8,Profile_SUPPLIER,,kkP7s6SvbWUkMKUPvfwsyB,acYeOs4K1s3bCwZzMBP0OV,vivesingh,arighosh,2021-09-15 15:18:04,2021-10-18 13:02:18,2021-09-15T15:38:32Z,VALID,z_vivesingh,CDQ,False,SUPPLIER,ORACLE,ALL_ROWS,-1,ON,297c3fc8-37f3-4f55-a290-67c81e3ea6fa,SUPPLIER_EMAIL,,,,,,,,,,,
5b787ebc-23d3-4bd8-9733-18d120465e82,154,8,Profile_SUPPLIER,,kkP7s6SvbWUkMKUPvfwsyB,acYeOs4K1s3bCwZzMBP0OV,vivesingh,arighosh,2021-09-15 15:18:04,2021-10-18 13:02:18,2021-09-15T15:38:32Z,VALID,z_vivesingh,CDQ,False,SUPPLIER,ORACLE,ALL_ROWS,-1,ON,d4dd95ce-00b1-485d-a2d9-06cc1c29577a,SUPPLIER_FIRST_NAME,,,,,,,,,,,
5b787ebc-23d3-4bd8-9733-18d120465e82,154,8,Profile_SUPPLIER,,kkP7s6SvbWUkMKUPvfwsyB,acYeOs4K1s3bCwZzMBP0OV,vivesingh,arighosh,2021-09-15 15:18:04,2021-10-18 13:02:18,2021-09-15T15:38:32Z,VALID,z_vivesingh,CDQ,False,SUPPLIER,ORACLE,ALL_ROWS,-1,ON,73e7d39b-751c-4242-b60f-0fbe839b5fc5,SUPPLIER_DNB,,,,,,,,,,,
5b787ebc-23d3-4bd8-9733-18d120465e82,154,8,Profile_SUPPLIER,,kkP7s6SvbWUkMKUPvfwsyB,acYeOs4K1s3bCwZzMBP0OV,vivesingh,arighosh,2021-09-15 15:18:04,2021-10-18 13:02:18,2021-09-15T15:38:32Z,VALID,z_vivesingh,CDQ,False,SUPPLIER,ORACLE,ALL_ROWS,-1,ON,90f38d19-69d2-4efc-8d12-90b1229a42c2,supplier_address,,,,,,,,,,,
5b787ebc-23d3-4bd8-9733-18d120465e82,154,8,Profile_SUPPLIER,,kkP7s6SvbWUkMKUPvfwsyB,acYeOs4K1s3bCwZzMBP0OV,vivesingh,arighosh,2021-09-15 15:18:04,2021-10-18 13:02:18,2021-09-15T15:38:32Z,VALID,z_vivesingh,CDQ,False,SUPPLIER,ORACLE,ALL_ROWS,-1,ON,8f9b68d3-a8ce-42b5-867e-1cf8d0f28c82,supplier_state,,,,,,,,,,,
5b787ebc-23d3-4bd8-9733-18d120465e82,154,8,Profile_SUPPLIER,,kkP7s6SvbWUkMKUPvfwsyB,acYeOs4K1s3bCwZzMBP0OV,vivesingh,arighosh,2021-09-15 15:18:04,2021-10-18 13:02:18,2021-09-15T15:38:32Z,VALID,z_vivesingh,CDQ,False,SUPPLIER,ORACLE,ALL_ROWS,-1,ON,f355857e-8520-4a58-956b-2f75cea7e86d,SUPPLIER_PHONE,,,,,,,,,,,
5b787ebc-23d3-4bd8-9733-18d120465e82,154,8,Profile_SUPPLIER,,kkP7s6SvbWUkMKUPvfwsyB,acYeOs4K1s3bCwZzMBP0OV,vivesingh,arighosh,2021-09-15 15:18:04,2021-10-18 13:02:18,2021-09-15T15:38:32Z,VALID,z_vivesingh,CDQ,False,SUPPLIER,ORACLE,ALL_ROWS,-1,ON,65f7a087-6dd4-4dd5-b8cb-23eb0e611361,supplier_email,PARSE,74TPi4a2MBMcL14YqLtVgC,Parse_Email,,2021-08-23T14:38:14Z,2021-09-15T08:03:53Z,2021-09-15T08:03:53Z,VALID,z_vivesingh,CDQ,5b787ebc-23d3-4bd8-9733-18d120465e8274TPi4a2MBMcL14YqLtVgC
5b787ebc-23d3-4bd8-9733-18d120465e82,154,8,Profile_SUPPLIER,,kkP7s6SvbWUkMKUPvfwsyB,acYeOs4K1s3bCwZzMBP0OV,vivesingh,arighosh,2021-09-15 15:18:04,2021-10-18 13:02:18,2021-09-15T15:38:32Z,VALID,z_vivesingh,CDQ,False,SUPPLIER,ORACLE,ALL_ROWS,-1,ON,424a3430-fd90-4194-b1fa-12375c89e390,FIELD_1,,,,,,,,,,,
5b787ebc-23d3-4bd8-9733-18d120465e82,154,8,Profile_SUPPLIER,,kkP7s6SvbWUkMKUPvfwsyB,acYeOs4K1s3bCwZzMBP0OV,vivesingh,arighosh,2021-09-15 15:18:04,2021-10-18 13:02:18,2021-09-15T15:38:32Z,VALID,z_vivesingh,CDQ,False,SUPPLIER,ORACLE,ALL_ROWS,-1,ON,56437818-8855-4f46-b03f-3efe1875a7a0,supplier_country_code,,,,,,,,,,,
5b787ebc-23d3-4bd8-9733-18d120465e82,154,8,Profile_SUPPLIER,,kkP7s6SvbWUkMKUPvfwsyB,acYeOs4K1s3bCwZzMBP0OV,vivesingh,arighosh,2021-09-15 15:18:04,2021-10-18 13:02:18,2021-09-15T15:38:32Z,VALID,z_vivesingh,CDQ,False,SUPPLIER,ORACLE,ALL_ROWS,-1,ON,20e4710c-5911-4d57-a690-0b1b044060ad,SUPPLIER_COUNTRY_CODE,RULE_SPECIFICATION,a5wSwrInvMVjQt4DAv7dsP,rs_Validate_Country_Code,ACCURACY,2021-08-23T12:30:25Z,2021-11-12T13:45:03Z,2021-11-12T13:45:03Z,VALID,z_vivesingh,CDQ,5b787ebc-23d3-4bd8-9733-18d120465e82a5wSwrInvMVjQt4DAv7dsP
5b787ebc-23d3-4bd8-9733-18d120465e82,154,8,Profile_SUPPLIER,,kkP7s6SvbWUkMKUPvfwsyB,acYeOs4K1s3bCwZzMBP0OV,vivesingh,arighosh,2021-09-15 15:18:04,2021-10-18 13:02:18,2021-09-15T15:38:32Z,VALID,z_vivesingh,CDQ,False,SUPPLIER,ORACLE,ALL_ROWS,-1,ON,6a427c5e-9897-48b1-b267-bd08f6fd58da,field_1,RULE_SPECIFICATION,4VDkLeXakQPdkfSfSzA0ic,rs_US_SSN_Conformity_Check,VALIDITY,2021-09-15T12:10:12Z,2021-11-12T13:46:26Z,2021-11-12T13:46:26Z,VALID,z_vivesingh,CDQ,5b787ebc-23d3-4bd8-9733-18d120465e824VDkLeXakQPdkfSfSzA0ic
5b787ebc-23d3-4bd8-9733-18d120465e82,154,8,Profile_SUPPLIER,,kkP7s6SvbWUkMKUPvfwsyB,acYeOs4K1s3bCwZzMBP0OV,vivesingh,arighosh,2021-09-15 15:18:04,2021-10-18 13:02:18,2021-09-15T15:38:32Z,VALID,z_vivesingh,CDQ,False,SUPPLIER,ORACLE,ALL_ROWS,-1,ON,300f0c2d-b743-42ef-9651-cc28df8223fb,supplier_country_code,RULE_SPECIFICATION,4VDkLeXakQPdkfSfSzA0ic,rs_US_SSN_Conformity_Check,VALIDITY,2021-09-15T12:10:12Z,2021-11-12T13:46:26Z,2021-11-12T13:46:26Z,VALID,z_vivesingh,CDQ,5b787ebc-23d3-4bd8-9733-18d120465e824VDkLeXakQPdkfSfSzA0ic
5b787ebc-23d3-4bd8-9733-18d120465e82,154,8,Profile_SUPPLIER,,kkP7s6SvbWUkMKUPvfwsyB,acYeOs4K1s3bCwZzMBP0OV,vivesingh,arighosh,2021-09-15 15:18:04,2021-10-18 13:02:18,2021-09-15T15:38:32Z,VALID,z_vivesingh,CDQ,False,SUPPLIER,ORACLE,ALL_ROWS,-1,ON,ed61a1ce-08a4-4d1b-b47f-234d1cefb2e5,SUPPLIER_EMAIL,PARSE,74TPi4a2MBMcL14YqLtVgC,Parse_Email,,2021-08-23T14:38:14Z,2021-09-15T08:03:53Z,2021-09-15T08:03:53Z,VALID,z_vivesingh,CDQ,5b787ebc-23d3-4bd8-9733-18d120465e8274TPi4a2MBMcL14YqLtVgC
5b787ebc-23d3-4bd8-9733-18d120465e82,154,8,Profile_SUPPLIER,,kkP7s6SvbWUkMKUPvfwsyB,acYeOs4K1s3bCwZzMBP0OV,vivesingh,arighosh,2021-09-15 15:18:04,2021-10-18 13:02:18,2021-09-15T15:38:32Z,VALID,z_vivesingh,CDQ,False,SUPPLIER,ORACLE,ALL_ROWS,-1,ON,1acb3989-7783-4d27-a5ed-71e8d9fb602a,SUPPLIER_ZIP,,,,,,,,,,,
5b787ebc-23d3-4bd8-9733-18d120465e82,154,8,Profile_SUPPLIER,,kkP7s6SvbWUkMKUPvfwsyB,acYeOs4K1s3bCwZzMBP0OV,vivesingh,arighosh,2021-09-15 15:18:04,2021-10-18 13:02:18,2021-09-15T15:38:32Z,VALID,z_vivesingh,CDQ,False,SUPPLIER,ORACLE,ALL_ROWS,-1,ON,21ce7ccf-8970-457a-8cbb-15d0ea6e309c,SUPPLIER_ADDRESS,,,,,,,,,,,
5b787ebc-23d3-4bd8-9733-18d120465e82,154,8,Profile_SUPPLIER,,kkP7s6SvbWUkMKUPvfwsyB,acYeOs4K1s3bCwZzMBP0OV,vivesingh,arighosh,2021-09-15 15:18:04,2021-10-18 13:02:18,2021-09-15T15:38:32Z,VALID,z_vivesingh,CDQ,False,SUPPLIER,ORACLE,ALL_ROWS,-1,ON,245ab20b-e5e6-42d9-951d-9858d94b1357,SUPPLIER_PHONE,RULE_SPECIFICATION,2uVPtVczd0ji2dXKHQ1hOw,rs_Phone_Conformity_Check,VALIDITY,2021-09-15T10:47:03Z,2021-11-12T13:42:33Z,2021-11-12T13:42:33Z,VALID,z_vivesingh,CDQ,5b787ebc-23d3-4bd8-9733-18d120465e822uVPtVczd0ji2dXKHQ1hOw
5b787ebc-23d3-4bd8-9733-18d120465e82,154,8,Profile_SUPPLIER,,kkP7s6SvbWUkMKUPvfwsyB,acYeOs4K1s3bCwZzMBP0OV,vivesingh,arighosh,2021-09-15 15:18:04,2021-10-18 13:02:18,2021-09-15T15:38:32Z,VALID,z_vivesingh,CDQ,False,SUPPLIER,ORACLE,ALL_ROWS,-1,ON,561a9973-a45d-4b62-a4b7-bcf93b98fc58,supplier_dnb,,,,,,,,,,,
5b787ebc-23d3-4bd8-9733-18d120465e82,154,8,Profile_SUPPLIER,,kkP7s6SvbWUkMKUPvfwsyB,acYeOs4K1s3bCwZzMBP0OV,vivesingh,arighosh,2021-09-15 15:18:04,2021-10-18 13:02:18,2021-09-15T15:38:32Z,VALID,z_vivesingh,CDQ,False,SUPPLIER,ORACLE,ALL_ROWS,-1,ON,5ffb46c1-0eb1-44b5-bee2-3866e1bb345a,SUPPLIER_WEB_ADDRESS,,,,,,,,,,,
5b787ebc-23d3-4bd8-9733-18d120465e82,154,8,Profile_SUPPLIER,,kkP7s6SvbWUkMKUPvfwsyB,acYeOs4K1s3bCwZzMBP0OV,vivesingh,arighosh,2021-09-15 15:18:04,2021-10-18 13:02:18,2021-09-15T15:38:32Z,VALID,z_vivesingh,CDQ,False,SUPPLIER,ORACLE,ALL_ROWS,-1,ON,3439d420-8d60-48e5-a4bb-b45c746cd25e,SUPPLIER_COUNTRY_CODE,,,,,,,,,,,
5b787ebc-23d3-4bd8-9733-18d120465e82,154,8,Profile_SUPPLIER,,kkP7s6SvbWUkMKUPvfwsyB,acYeOs4K1s3bCwZzMBP0OV,vivesingh,arighosh,2021-09-15 15:18:04,2021-10-18 13:02:18,2021-09-15T15:38:32Z,VALID,z_vivesingh,CDQ,False,SUPPLIER,ORACLE,ALL_ROWS,-1,ON,0b6d7d65-d66d-4a30-af16-19553184c6d4,FIELD_1,RULE_SPECIFICATION,4VDkLeXakQPdkfSfSzA0ic,rs_US_SSN_Conformity_Check,VALIDITY,2021-09-15T12:10:12Z,2021-11-12T13:46:26Z,2021-11-12T13:46:26Z,VALID,z_vivesingh,CDQ,5b787ebc-23d3-4bd8-9733-18d120465e824VDkLeXakQPdkfSfSzA0ic
5b787ebc-23d3-4bd8-9733-18d120465e82,154,8,Profile_SUPPLIER,,kkP7s6SvbWUkMKUPvfwsyB,acYeOs4K1s3bCwZzMBP0OV,vivesingh,arighosh,2021-09-15 15:18:04,2021-10-18 13:02:18,2021-09-15T15:38:32Z,VALID,z_vivesingh,CDQ,False,SUPPLIER,ORACLE,ALL_ROWS,-1,ON,2cba9032-813d-46b0-a7c4-69d78b81e8ad,SUPPLIER_COUNTRY_CODE,RULE_SPECIFICATION,4VDkLeXakQPdkfSfSzA0ic,rs_US_SSN_Conformity_Check,VALIDITY,2021-09-15T12:10:12Z,2021-11-12T13:46:26Z,2021-11-12T13:46:26Z,VALID,z_vivesingh,CDQ,5b787ebc-23d3-4bd8-9733-18d120465e824VDkLeXakQPdkfSfSzA0ic
5b787ebc-23d3-4bd8-9733-18d120465e82,154,8,Profile_SUPPLIER,,kkP7s6SvbWUkMKUPvfwsyB,acYeOs4K1s3bCwZzMBP0OV,vivesingh,arighosh,2021-09-15 15:18:04,2021-10-18 13:02:18,2021-09-15T15:38:32Z,VALID,z_vivesingh,CDQ,False,SUPPLIER,ORACLE,ALL_ROWS,-1,ON,aae164e4-474f-45ea-a0c5-198d00b3c748,supplier_country,,,,,,,,,,,
5b787ebc-23d3-4bd8-9733-18d120465e82,154,8,Profile_SUPPLIER,,kkP7s6SvbWUkMKUPvfwsyB,acYeOs4K1s3bCwZzMBP0OV,vivesingh,arighosh,2021-09-15 15:18:04,2021-10-18 13:02:18,2021-09-15T15:38:32Z,VALID,z_vivesingh,CDQ,False,SUPPLIER,ORACLE,ALL_ROWS,-1,ON,375f2aef-14a3-4243-9018-37841b05b007,supplier_email,,,,,,,,,,,
5b787ebc-23d3-4bd8-9733-18d120465e82,154,8,Profile_SUPPLIER,,kkP7s6SvbWUkMKUPvfwsyB,acYeOs4K1s3bCwZzMBP0OV,vivesingh,arighosh,2021-09-15 15:18:04,2021-10-18 13:02:18,2021-09-15T15:38:32Z,VALID,z_vivesingh,CDQ,False,SUPPLIER,ORACLE,ALL_ROWS,-1,ON,8d2b3edb-663f-4b7f-9bf8-a4f3524a10e5,SUPPLIER_CITY,,,,,,,,,,,
5b787ebc-23d3-4bd8-9733-18d120465e82,154,8,Profile_SUPPLIER,,kkP7s6SvbWUkMKUPvfwsyB,acYeOs4K1s3bCwZzMBP0OV,vivesingh,arighosh,2021-09-15 15:18:04,2021-10-18 13:02:18,2021-09-15T15:38:32Z,VALID,z_vivesingh,CDQ,False,SUPPLIER,ORACLE,ALL_ROWS,-1,ON,f9b81954-71f0-4394-b0d2-a441bd106b6a,supplier_country_code,RULE_SPECIFICATION,a5wSwrInvMVjQt4DAv7dsP,rs_Validate_Country_Code,ACCURACY,2021-08-23T12:30:25Z,2021-11-12T13:45:03Z,2021-11-12T13:45:03Z,VALID,z_vivesingh,CDQ,5b787ebc-23d3-4bd8-9733-18d120465e82a5wSwrInvMVjQt4DAv7dsP
5b787ebc-23d3-4bd8-9733-18d120465e82,154,8,Profile_SUPPLIER,,kkP7s6SvbWUkMKUPvfwsyB,acYeOs4K1s3bCwZzMBP0OV,vivesingh,arighosh,2021-09-15 15:18:04,2021-10-18 13:02:18,2021-09-15T15:38:32Z,VALID,z_vivesingh,CDQ,False,SUPPLIER,ORACLE,ALL_ROWS,-1,ON,98dd2a58-90ff-4035-b3d8-45803ca71674,SUPPLIER_ID,,,,,,,,,,,
5b787ebc-23d3-4bd8-9733-18d120465e82,154,8,Profile_SUPPLIER,,kkP7s6SvbWUkMKUPvfwsyB,acYeOs4K1s3bCwZzMBP0OV,vivesingh,arighosh,2021-09-15 15:18:04,2021-10-18 13:02:18,2021-09-15T15:38:32Z,VALID,z_vivesingh,CDQ,False,SUPPLIER,ORACLE,ALL_ROWS,-1,ON,f72d0975-7614-4c17-9806-9645cd9a9895,supplier_first_name,,,,,,,,,,,
5b787ebc-23d3-4bd8-9733-18d120465e82,154,8,Profile_SUPPLIER,,kkP7s6SvbWUkMKUPvfwsyB,acYeOs4K1s3bCwZzMBP0OV,vivesingh,arighosh,2021-09-15 15:18:04,2021-10-18 13:02:18,2021-09-15T15:38:32Z,VALID,z_vivesingh,CDQ,False,SUPPLIER,ORACLE,ALL_ROWS,-1,ON,bbd4857b-a33a-4797-bb92-2b035572b939,supplier_last_name,,,,,,,,,,,
5b787ebc-23d3-4bd8-9733-18d120465e82,154,8,Profile_SUPPLIER,,kkP7s6SvbWUkMKUPvfwsyB,acYeOs4K1s3bCwZzMBP0OV,vivesingh,arighosh,2021-09-15 15:18:04,2021-10-18 13:02:18,2021-09-15T15:38:32Z,VALID,z_vivesingh,CDQ,False,SUPPLIER,ORACLE,ALL_ROWS,-1,ON,94ba05bf-29e8-432b-a235-0698f946ac30,supplier_web_address,,,,,,,,,,,
5b787ebc-23d3-4bd8-9733-18d120465e82,154,8,Profile_SUPPLIER,,kkP7s6SvbWUkMKUPvfwsyB,acYeOs4K1s3bCwZzMBP0OV,vivesingh,arighosh,2021-09-15 15:18:04,2021-10-18 13:02:18,2021-09-15T15:38:32Z,VALID,z_vivesingh,CDQ,False,SUPPLIER,ORACLE,ALL_ROWS,-1,ON,000f9865-6c92-42a7-a8c7-f5d24020fe14,supplier_city,,,,,,,,,,,
ad3a8932-f89a-4afd-8d6d-266c39e75ad3,252,1,Profile_SUPPLIER_DEMO_Discovery,Data Discovery on SUPPLIER_DEMO Dataset,kkP7s6SvbWUkMKUPvfwsyB,acYeOs4K1s3bCwZzMBP0OV,vivesingh,vivesingh,2021-10-23 21:29:36,2021-10-23 21:34:05,2021-10-23T15:59:37Z,VALID,z_vivesingh,Demo,False,SUPPLIER_DEMO,ORACLE,ALL_ROWS,-1,ON,cae1161c-b215-4a0f-b5c4-38b4868d098b,SUPPLIER_COUNTRY,,,,,,,,,,,
ad3a8932-f89a-4afd-8d6d-266c39e75ad3,252,1,Profile_SUPPLIER_DEMO_Discovery,Data Discovery on SUPPLIER_DEMO Dataset,kkP7s6SvbWUkMKUPvfwsyB,acYeOs4K1s3bCwZzMBP0OV,vivesingh,vivesingh,2021-10-23 21:29:36,2021-10-23 21:34:05,2021-10-23T15:59:37Z,VALID,z_vivesingh,Demo,False,SUPPLIER_DEMO,ORACLE,ALL_ROWS,-1,ON,bbad90d8-40dc-43f0-8d47-e2b8dde7d8e5,SUPPLIER_EMAIL,,,,,,,,,,,
ad3a8932-f89a-4afd-8d6d-266c39e75ad3,252,1,Profile_SUPPLIER_DEMO_Discovery,Data Discovery on SUPPLIER_DEMO Dataset,kkP7s6SvbWUkMKUPvfwsyB,acYeOs4K1s3bCwZzMBP0OV,vivesingh,vivesingh,2021-10-23 21:29:36,2021-10-23 21:34:05,2021-10-23T15:59:37Z,VALID,z_vivesingh,Demo,False,SUPPLIER_DEMO,ORACLE,ALL_ROWS,-1,ON,a6b85158-40cd-41f1-ab09-e0754e7ad6aa,SUPPLIER_CITY,,,,,,,,,,,
ad3a8932-f89a-4afd-8d6d-266c39e75ad3,252,1,Profile_SUPPLIER_DEMO_Discovery,Data Discovery on SUPPLIER_DEMO Dataset,kkP7s6SvbWUkMKUPvfwsyB,acYeOs4K1s3bCwZzMBP0OV,vivesingh,vivesingh,2021-10-23 21:29:36,2021-10-23 21:34:05,2021-10-23T15:59:37Z,VALID,z_vivesingh,Demo,False,SUPPLIER_DEMO,ORACLE,ALL_ROWS,-1,ON,b2b0db00-d243-4bc7-907e-5b8e51b5cc5b,SUPPLIER_STATE,,,,,,,,,,,
ad3a8932-f89a-4afd-8d6d-266c39e75ad3,252,1,Profile_SUPPLIER_DEMO_Discovery,Data Discovery on SUPPLIER_DEMO Dataset,kkP7s6SvbWUkMKUPvfwsyB,acYeOs4K1s3bCwZzMBP0OV,vivesingh,vivesingh,2021-10-23 21:29:36,2021-10-23 21:34:05,2021-10-23T15:59:37Z,VALID,z_vivesingh,Demo,False,SUPPLIER_DEMO,ORACLE,ALL_ROWS,-1,ON,fadd821d-ce31-4030-82fe-e1e90d355fc6,SUPPLIER_COUNTRY_CODE,,,,,,,,,,,
ad3a8932-f89a-4afd-8d6d-266c39e75ad3,252,1,Profile_SUPPLIER_DEMO_Discovery,Data Discovery on SUPPLIER_DEMO Dataset,kkP7s6SvbWUkMKUPvfwsyB,acYeOs4K1s3bCwZzMBP0OV,vivesingh,vivesingh,2021-10-23 21:29:36,2021-10-23 21:34:05,2021-10-23T15:59:37Z,VALID,z_vivesingh,Demo,False,SUPPLIER_DEMO,ORACLE,ALL_ROWS,-1,ON,d619bc1f-3eb5-40a5-9a3c-8f4d99f9c5f3,SUPPLIER_WEB_ADDRESS,,,,,,,,,,,
ad3a8932-f89a-4afd-8d6d-266c39e75ad3,252,1,Profile_SUPPLIER_DEMO_Discovery,Data Discovery on SUPPLIER_DEMO Dataset,kkP7s6SvbWUkMKUPvfwsyB,acYeOs4K1s3bCwZzMBP0OV,vivesingh,vivesingh,2021-10-23 21:29:36,2021-10-23 21:34:05,2021-10-23T15:59:37Z,VALID,z_vivesingh,Demo,False,SUPPLIER_DEMO,ORACLE,ALL_ROWS,-1,ON,661f914e-2a7b-4290-a446-d06070896b1d,SUPPLIER_ADDRESS,,,,,,,,,,,
ad3a8932-f89a-4afd-8d6d-266c39e75ad3,252,1,Profile_SUPPLIER_DEMO_Discovery,Data Discovery on SUPPLIER_DEMO Dataset,kkP7s6SvbWUkMKUPvfwsyB,acYeOs4K1s3bCwZzMBP0OV,vivesingh,vivesingh,2021-10-23 21:29:36,2021-10-23 21:34:05,2021-10-23T15:59:37Z,VALID,z_vivesingh,Demo,False,SUPPLIER_DEMO,ORACLE,ALL_ROWS,-1,ON,71d1d084-9ca4-446f-8953-bae2ceafa3fe,SUPPLIER_ZIP,,,,,,,,,,,
ad3a8932-f89a-4afd-8d6d-266c39e75ad3,252,1,Profile_SUPPLIER_DEMO_Discovery,Data Discovery on SUPPLIER_DEMO Dataset,kkP7s6SvbWUkMKUPvfwsyB,acYeOs4K1s3bCwZzMBP0OV,vivesingh,vivesingh,2021-10-23 21:29:36,2021-10-23 21:34:05,2021-10-23T15:59:37Z,VALID,z_vivesingh,Demo,False,SUPPLIER_DEMO,ORACLE,ALL_ROWS,-1,ON,e4200cc4-4021-4324-aca2-e3f6013dfa3f,SUPPLIER_DNB,,,,,,,,,,,
ad3a8932-f89a-4afd-8d6d-266c39e75ad3,252,1,Profile_SUPPLIER_DEMO_Discovery,Data Discovery on SUPPLIER_DEMO Dataset,kkP7s6SvbWUkMKUPvfwsyB,acYeOs4K1s3bCwZzMBP0OV,vivesingh,vivesingh,2021-10-23 21:29:36,2021-10-23 21:34:05,2021-10-23T15:59:37Z,VALID,z_vivesingh,Demo,False,SUPPLIER_DEMO,ORACLE,ALL_ROWS,-1,ON,3851722b-cfdb-4b68-b9a2-f07ac98e0b2d,SUPPLIER_LAST_NAME,,,,,,,,,,,
ad3a8932-f89a-4afd-8d6d-266c39e75ad3,252,1,Profile_SUPPLIER_DEMO_Discovery,Data Discovery on SUPPLIER_DEMO Dataset,kkP7s6SvbWUkMKUPvfwsyB,acYeOs4K1s3bCwZzMBP0OV,vivesingh,vivesingh,2021-10-23 21:29:36,2021-10-23 21:34:05,2021-10-23T15:59:37Z,VALID,z_vivesingh,Demo,False,SUPPLIER_DEMO,ORACLE,ALL_ROWS,-1,ON,09bcac4b-6e7f-4cf4-8c8d-b6bacf7b3b68,OTHER_CONTACT,,,,,,,,,,,
ad3a8932-f89a-4afd-8d6d-266c39e75ad3,252,1,Profile_SUPPLIER_DEMO_Discovery,Data Discovery on SUPPLIER_DEMO Dataset,kkP7s6SvbWUkMKUPvfwsyB,acYeOs4K1s3bCwZzMBP0OV,vivesingh,vivesingh,2021-10-23 21:29:36,2021-10-23 21:34:05,2021-10-23T15:59:37Z,VALID,z_vivesingh,Demo,False,SUPPLIER_DEMO,ORACLE,ALL_ROWS,-1,ON,93893f5b-3593-49e1-ae6f-0ad368a0d483,FIELD_1,,,,,,,,,,,
ad3a8932-f89a-4afd-8d6d-266c39e75ad3,252,1,Profile_SUPPLIER_DEMO_Discovery,Data Discovery on SUPPLIER_DEMO Dataset,kkP7s6SvbWUkMKUPvfwsyB,acYeOs4K1s3bCwZzMBP0OV,vivesingh,vivesingh,2021-10-23 21:29:36,2021-10-23 21:34:05,2021-10-23T15:59:37Z,VALID,z_vivesingh,Demo,False,SUPPLIER_DEMO,ORACLE,ALL_ROWS,-1,ON,2d647f66-0167-48ed-afd4-5072c24aa13e,MISC_INFO,,,,,,,,,,,
ad3a8932-f89a-4afd-8d6d-266c39e75ad3,252,1,Profile_SUPPLIER_DEMO_Discovery,Data Discovery on SUPPLIER_DEMO Dataset,kkP7s6SvbWUkMKUPvfwsyB,acYeOs4K1s3bCwZzMBP0OV,vivesingh,vivesingh,2021-10-23 21:29:36,2021-10-23 21:34:05,2021-10-23T15:59:37Z,VALID,z_vivesingh,Demo,False,SUPPLIER_DEMO,ORACLE,ALL_ROWS,-1,ON,a02c9d09-7cf3-4ada-a710-12be3b010004,SUPPLIER_FIRST_NAME,,,,,,,,,,,
ad3a8932-f89a-4afd-8d6d-266c39e75ad3,252,1,Profile_SUPPLIER_DEMO_Discovery,Data Discovery on SUPPLIER_DEMO Dataset,kkP7s6SvbWUkMKUPvfwsyB,acYeOs4K1s3bCwZzMBP0OV,vivesingh,vivesingh,2021-10-23 21:29:36,2021-10-23 21:34:05,2021-10-23T15:59:37Z,VALID,z_vivesingh,Demo,False,SUPPLIER_DEMO,ORACLE,ALL_ROWS,-1,ON,0c98fc11-5c3f-4477-84da-3d9da80f2d39,COMPANY,,,,,,,,,,,
ad3a8932-f89a-4afd-8d6d-266c39e75ad3,252,1,Profile_SUPPLIER_DEMO_Discovery,Data Discovery on SUPPLIER_DEMO Dataset,kkP7s6SvbWUkMKUPvfwsyB,acYeOs4K1s3bCwZzMBP0OV,vivesingh,vivesingh,2021-10-23 21:29:36,2021-10-23 21:34:05,2021-10-23T15:59:37Z,VALID,z_vivesingh,Demo,False,SUPPLIER_DEMO,ORACLE,ALL_ROWS,-1,ON,abe58b51-e9db-4f68-a675-28c57c1d5ede,SUPPLIER_ID,,,,,,,,,,,
ad3a8932-f89a-4afd-8d6d-266c39e75ad3,252,1,Profile_SUPPLIER_DEMO_Discovery,Data Discovery on SUPPLIER_DEMO Dataset,kkP7s6SvbWUkMKUPvfwsyB,acYeOs4K1s3bCwZzMBP0OV,vivesingh,vivesingh,2021-10-23 21:29:36,2021-10-23 21:34:05,2021-10-23T15:59:37Z,VALID,z_vivesingh,Demo,False,SUPPLIER_DEMO,ORACLE,ALL_ROWS,-1,ON,aa11f889-b071-478d-aa6f-8ba05ef072b8,SUPPLIER_PHONE,,,,,,,,,,,
749db6d5-c9ea-4a0d-9434-f30875bc078c,253,2,Profile_SUPPLIER_DEMO_rule,,kkP7s6SvbWUkMKUPvfwsyB,acYeOs4K1s3bCwZzMBP0OV,vivesingh,vivesingh,2021-10-27 12:42:20,2021-10-27 13:27:58,2021-10-27T07:15:49Z,VALID,z_vivesingh,Demo,False,SUPPLIER_DEMO,ORACLE,ALL_ROWS,-1,ON,29014f2b-30a0-4c78-b45b-2d3e88d65db8,OTHER_CONTACT,PARSE,acdIuyBoUXzfGmHxwKDeev,parser_Email_Phone_from_Text,,2021-10-22T15:43:30Z,2021-10-22T17:00:58Z,2021-10-22T17:00:58Z,VALID,z_vivesingh,Demo,749db6d5-c9ea-4a0d-9434-f30875bc078cacdIuyBoUXzfGmHxwKDeev
749db6d5-c9ea-4a0d-9434-f30875bc078c,253,2,Profile_SUPPLIER_DEMO_rule,,kkP7s6SvbWUkMKUPvfwsyB,acYeOs4K1s3bCwZzMBP0OV,vivesingh,vivesingh,2021-10-27 12:42:20,2021-10-27 13:27:58,2021-10-27T07:15:49Z,VALID,z_vivesingh,Demo,False,SUPPLIER_DEMO,ORACLE,ALL_ROWS,-1,ON,c8e04503-97ca-4062-8c70-1384fe19235e,SUPPLIER_EMAIL,,,,,,,,,,,
749db6d5-c9ea-4a0d-9434-f30875bc078c,253,2,Profile_SUPPLIER_DEMO_rule,,kkP7s6SvbWUkMKUPvfwsyB,acYeOs4K1s3bCwZzMBP0OV,vivesingh,vivesingh,2021-10-27 12:42:20,2021-10-27 13:27:58,2021-10-27T07:15:49Z,VALID,z_vivesingh,Demo,False,SUPPLIER_DEMO,ORACLE,ALL_ROWS,-1,ON,2211258d-a98f-42a1-a01a-3f1da5bd93ba,SUPPLIER_COUNTRY_CODE,,,,,,,,,,,
749db6d5-c9ea-4a0d-9434-f30875bc078c,253,2,Profile_SUPPLIER_DEMO_rule,,kkP7s6SvbWUkMKUPvfwsyB,acYeOs4K1s3bCwZzMBP0OV,vivesingh,vivesingh,2021-10-27 12:42:20,2021-10-27 13:27:58,2021-10-27T07:15:49Z,VALID,z_vivesingh,Demo,False,SUPPLIER_DEMO,ORACLE,ALL_ROWS,-1,ON,e74a8f15-7cca-440d-8b52-2858652a3263,FIELD_1,,,,,,,,,,,
749db6d5-c9ea-4a0d-9434-f30875bc078c,253,2,Profile_SUPPLIER_DEMO_rule,,kkP7s6SvbWUkMKUPvfwsyB,acYeOs4K1s3bCwZzMBP0OV,vivesingh,vivesingh,2021-10-27 12:42:20,2021-10-27 13:27:58,2021-10-27T07:15:49Z,VALID,z_vivesingh,Demo,False,SUPPLIER_DEMO,ORACLE,ALL_ROWS,-1,ON,6f139192-ba0a-4b33-bc9f-a8424903cb25,SUPPLIER_CITY,,,,,,,,,,,
749db6d5-c9ea-4a0d-9434-f30875bc078c,253,2,Profile_SUPPLIER_DEMO_rule,,kkP7s6SvbWUkMKUPvfwsyB,acYeOs4K1s3bCwZzMBP0OV,vivesingh,vivesingh,2021-10-27 12:42:20,2021-10-27 13:27:58,2021-10-27T07:15:49Z,VALID,z_vivesingh,Demo,False,SUPPLIER_DEMO,ORACLE,ALL_ROWS,-1,ON,1dca6b2d-ac4b-4c59-9e8d-0cc6670cb7cc,SUPPLIER_STATE,,,,,,,,,,,
749db6d5-c9ea-4a0d-9434-f30875bc078c,253,2,Profile_SUPPLIER_DEMO_rule,,kkP7s6SvbWUkMKUPvfwsyB,acYeOs4K1s3bCwZzMBP0OV,vivesingh,vivesingh,2021-10-27 12:42:20,2021-10-27 13:27:58,2021-10-27T07:15:49Z,VALID,z_vivesingh,Demo,False,SUPPLIER_DEMO,ORACLE,ALL_ROWS,-1,ON,8e34cf06-2d92-46cc-9efc-3eccc3bf3c47,SUPPLIER_WEB_ADDRESS,,,,,,,,,,,
749db6d5-c9ea-4a0d-9434-f30875bc078c,253,2,Profile_SUPPLIER_DEMO_rule,,kkP7s6SvbWUkMKUPvfwsyB,acYeOs4K1s3bCwZzMBP0OV,vivesingh,vivesingh,2021-10-27 12:42:20,2021-10-27 13:27:58,2021-10-27T07:15:49Z,VALID,z_vivesingh,Demo,False,SUPPLIER_DEMO,ORACLE,ALL_ROWS,-1,ON,f90b7923-464b-4f87-913c-3d0894a9b1c1,MISC_INFO,,,,,,,,,,,
749db6d5-c9ea-4a0d-9434-f30875bc078c,253,2,Profile_SUPPLIER_DEMO_rule,,kkP7s6SvbWUkMKUPvfwsyB,acYeOs4K1s3bCwZzMBP0OV,vivesingh,vivesingh,2021-10-27 12:42:20,2021-10-27 13:27:58,2021-10-27T07:15:49Z,VALID,z_vivesingh,Demo,False,SUPPLIER_DEMO,ORACLE,ALL_ROWS,-1,ON,94b28ffd-e091-4dad-a863-08d3b16c3f04,SUPPLIER_DNB,,,,,,,,,,,
749db6d5-c9ea-4a0d-9434-f30875bc078c,253,2,Profile_SUPPLIER_DEMO_rule,,kkP7s6SvbWUkMKUPvfwsyB,acYeOs4K1s3bCwZzMBP0OV,vivesingh,vivesingh,2021-10-27 12:42:20,2021-10-27 13:27:58,2021-10-27T07:15:49Z,VALID,z_vivesingh,Demo,False,SUPPLIER_DEMO,ORACLE,ALL_ROWS,-1,ON,d2d5dcc8-710b-4f5e-9b15-8f938b989896,OTHER_CONTACT,,,,,,,,,,,
749db6d5-c9ea-4a0d-9434-f30875bc078c,253,2,Profile_SUPPLIER_DEMO_rule,,kkP7s6SvbWUkMKUPvfwsyB,acYeOs4K1s3bCwZzMBP0OV,vivesingh,vivesingh,2021-10-27 12:42:20,2021-10-27 13:27:58,2021-10-27T07:15:49Z,VALID,z_vivesingh,Demo,False,SUPPLIER_DEMO,ORACLE,ALL_ROWS,-1,ON,a3b47db7-d5fa-46ca-8e86-dd842ab4cf38,SUPPLIER_ID,,,,,,,,,,,
749db6d5-c9ea-4a0d-9434-f30875bc078c,253,2,Profile_SUPPLIER_DEMO_rule,,kkP7s6SvbWUkMKUPvfwsyB,acYeOs4K1s3bCwZzMBP0OV,vivesingh,vivesingh,2021-10-27 12:42:20,2021-10-27 13:27:58,2021-10-27T07:15:49Z,VALID,z_vivesingh,Demo,False,SUPPLIER_DEMO,ORACLE,ALL_ROWS,-1,ON,8cd83b4f-60ac-41c8-b4f1-1ec33c4bf249,COMPANY,CLEANSE,dPnC8D6NbgLl6MHRxKOBOT,Cleanse_Company_Name,,2021-10-22T15:26:54Z,2021-11-29T06:00:37Z,2021-11-29T06:00:37Z,VALID,z_vivesingh,Demo,749db6d5-c9ea-4a0d-9434-f30875bc078cdPnC8D6NbgLl6MHRxKOBOT
749db6d5-c9ea-4a0d-9434-f30875bc078c,253,2,Profile_SUPPLIER_DEMO_rule,,kkP7s6SvbWUkMKUPvfwsyB,acYeOs4K1s3bCwZzMBP0OV,vivesingh,vivesingh,2021-10-27 12:42:20,2021-10-27 13:27:58,2021-10-27T07:15:49Z,VALID,z_vivesingh,Demo,False,SUPPLIER_DEMO,ORACLE,ALL_ROWS,-1,ON,ee752935-1a39-46e7-b754-0b22d012d6ec,SUPPLIER_ZIP,,,,,,,,,,,
749db6d5-c9ea-4a0d-9434-f30875bc078c,253,2,Profile_SUPPLIER_DEMO_rule,,kkP7s6SvbWUkMKUPvfwsyB,acYeOs4K1s3bCwZzMBP0OV,vivesingh,vivesingh,2021-10-27 12:42:20,2021-10-27 13:27:58,2021-10-27T07:15:49Z,VALID,z_vivesingh,Demo,False,SUPPLIER_DEMO,ORACLE,ALL_ROWS,-1,ON,a2dd7598-cc42-4c17-a6d7-b79e31526d58,FIELD_1,RULE_SPECIFICATION,czA7nI3Hb4njw0rBKMwWeY,rs_US_SSN_Conformity_Check,VALIDITY,2021-10-22T10:59:28Z,2021-11-12T13:45:50Z,2021-11-12T13:45:50Z,VALID,z_vivesingh,Demo,749db6d5-c9ea-4a0d-9434-f30875bc078cczA7nI3Hb4njw0rBKMwWeY
749db6d5-c9ea-4a0d-9434-f30875bc078c,253,2,Profile_SUPPLIER_DEMO_rule,,kkP7s6SvbWUkMKUPvfwsyB,acYeOs4K1s3bCwZzMBP0OV,vivesingh,vivesingh,2021-10-27 12:42:20,2021-10-27 13:27:58,2021-10-27T07:15:49Z,VALID,z_vivesingh,Demo,False,SUPPLIER_DEMO,ORACLE,ALL_ROWS,-1,ON,43b0c0d9-56f9-4306-a5ff-03c00cecd435,SUPPLIER_COUNTRY,RULE_SPECIFICATION,czA7nI3Hb4njw0rBKMwWeY,rs_US_SSN_Conformity_Check,VALIDITY,2021-10-22T10:59:28Z,2021-11-12T13:45:50Z,2021-11-12T13:45:50Z,VALID,z_vivesingh,Demo,749db6d5-c9ea-4a0d-9434-f30875bc078cczA7nI3Hb4njw0rBKMwWeY
749db6d5-c9ea-4a0d-9434-f30875bc078c,253,2,Profile_SUPPLIER_DEMO_rule,,kkP7s6SvbWUkMKUPvfwsyB,acYeOs4K1s3bCwZzMBP0OV,vivesingh,vivesingh,2021-10-27 12:42:20,2021-10-27 13:27:58,2021-10-27T07:15:49Z,VALID,z_vivesingh,Demo,False,SUPPLIER_DEMO,ORACLE,ALL_ROWS,-1,ON,20b823cd-baeb-4477-80e2-c9fd4c7f4038,SUPPLIER_PHONE,,,,,,,,,,,
749db6d5-c9ea-4a0d-9434-f30875bc078c,253,2,Profile_SUPPLIER_DEMO_rule,,kkP7s6SvbWUkMKUPvfwsyB,acYeOs4K1s3bCwZzMBP0OV,vivesingh,vivesingh,2021-10-27 12:42:20,2021-10-27 13:27:58,2021-10-27T07:15:49Z,VALID,z_vivesingh,Demo,False,SUPPLIER_DEMO,ORACLE,ALL_ROWS,-1,ON,633b211b-28f2-4c58-8aa7-caee1d8166e0,COMPANY,,,,,,,,,,,
749db6d5-c9ea-4a0d-9434-f30875bc078c,253,2,Profile_SUPPLIER_DEMO_rule,,kkP7s6SvbWUkMKUPvfwsyB,acYeOs4K1s3bCwZzMBP0OV,vivesingh,vivesingh,2021-10-27 12:42:20,2021-10-27 13:27:58,2021-10-27T07:15:49Z,VALID,z_vivesingh,Demo,False,SUPPLIER_DEMO,ORACLE,ALL_ROWS,-1,ON,f01bfaec-497c-4140-b81a-a8070558e01b,SUPPLIER_COUNTRY,,,,,,,,,,,
749db6d5-c9ea-4a0d-9434-f30875bc078c,253,2,Profile_SUPPLIER_DEMO_rule,,kkP7s6SvbWUkMKUPvfwsyB,acYeOs4K1s3bCwZzMBP0OV,vivesingh,vivesingh,2021-10-27 12:42:20,2021-10-27 13:27:58,2021-10-27T07:15:49Z,VALID,z_vivesingh,Demo,False,SUPPLIER_DEMO,ORACLE,ALL_ROWS,-1,ON,2a5ebae2-349c-4466-b5a6-dbce29929374,SUPPLIER_ADDRESS,,,,,,,,,,,
749db6d5-c9ea-4a0d-9434-f30875bc078c,253,2,Profile_SUPPLIER_DEMO_rule,,kkP7s6SvbWUkMKUPvfwsyB,acYeOs4K1s3bCwZzMBP0OV,vivesingh,vivesingh,2021-10-27 12:42:20,2021-10-27 13:27:58,2021-10-27T07:15:49Z,VALID,z_vivesingh,Demo,False,SUPPLIER_DEMO,ORACLE,ALL_ROWS,-1,ON,f9fa8f74-9571-49af-b12e-ea46a5f2dc3d,SUPPLIER_FIRST_NAME,,,,,,,,,,,
749db6d5-c9ea-4a0d-9434-f30875bc078c,253,2,Profile_SUPPLIER_DEMO_rule,,kkP7s6SvbWUkMKUPvfwsyB,acYeOs4K1s3bCwZzMBP0OV,vivesingh,vivesingh,2021-10-27 12:42:20,2021-10-27 13:27:58,2021-10-27T07:15:49Z,VALID,z_vivesingh,Demo,False,SUPPLIER_DEMO,ORACLE,ALL_ROWS,-1,ON,f64071d1-6889-44e8-8894-8b29bcd82a1f,SUPPLIER_LAST_NAME,,,,,,,,,,,
106a1c20-64fa-4bb3-beeb-69965b449288,204,2,sp_Profile,,kkP7s6SvbWUkMKUPvfwsyB,0hQmUTG4FSIkmkFlDNNQMc,shpatel,shpatel,2021-09-30 02:58:15,2021-09-30 03:02:45,2021-09-29T21:30:54Z,VALID,z_ShivPatel,CDQ,False,Album,UNSET,ALL_ROWS,-1,ON,83557d83-7c53-49e3-bdc7-a43d85128adc,ArtistId,,,,,,,,,,,
90db6257-3fbf-4987-b4a7-5c7501e997a4,52,1,testing,,kkP7s6SvbWUkMKUPvfwsyB,3QWg0kWeL22cirT11hzYAD,pababu,pababu,2021-04-28 01:03:33,2021-04-28 01:04:37,2021-04-27T19:33:33Z,VALID,z_Prasanth,,False,UpdateMTOutput.txt,DELIMITED,ALL_ROWS,-1,ON,21df546c-473e-4906-97f8-e0d68f542461,OutStatus,,,,,,,,,,,
90db6257-3fbf-4987-b4a7-5c7501e997a4,52,1,testing,,kkP7s6SvbWUkMKUPvfwsyB,3QWg0kWeL22cirT11hzYAD,pababu,pababu,2021-04-28 01:03:33,2021-04-28 01:04:37,2021-04-27T19:33:33Z,VALID,z_Prasanth,,False,UpdateMTOutput.txt,DELIMITED,ALL_ROWS,-1,ON,56965e4c-8eb0-41cd-b109-ef5522a126dd,TaskName,,,,,,,,,,,
90db6257-3fbf-4987-b4a7-5c7501e997a4,52,1,testing,,kkP7s6SvbWUkMKUPvfwsyB,3QWg0kWeL22cirT11hzYAD,pababu,pababu,2021-04-28 01:03:33,2021-04-28 01:04:37,2021-04-27T19:33:33Z,VALID,z_Prasanth,,False,UpdateMTOutput.txt,DELIMITED,ALL_ROWS,-1,ON,7333a47d-2ebd-4bce-b906-f4176bcc6766,SourceName,,,,,,,,,,,
