Key_PID_RKEY,Key_PID_RCOLID,Record_Type,Profile_id,Profile_name,rule_out_field_id,Rule_Out_ColumnName,Profile_Run_Key,columnValue,frequency,isOutlier,length,percent,rowIdentifier
81c60f50-fa3b-4d34-aabe-fbf8ec7020ac2,81c60f50-fa3b-4d34-aabe-fbf8ec7020ac865b2253-566a-4daa-8c83-b71e259142de,Latest Run,81c60f50-fa3b-4d34-aabe-fbf8ec7020ac,Prfl_SuperMarket_Contact,865b2253-566a-4daa-8c83-b71e259142de,Company_Validation_Rule,2,Valid,1927,,5,66.8865,0
81c60f50-fa3b-4d34-aabe-fbf8ec7020ac2,81c60f50-fa3b-4d34-aabe-fbf8ec7020ac865b2253-566a-4daa-8c83-b71e259142de,Latest Run,81c60f50-fa3b-4d34-aabe-fbf8ec7020ac,Prfl_SuperMarket_Contact,865b2253-566a-4daa-8c83-b71e259142de,Company_Validation_Rule,2,Invalid,954,,7,33.1135,1
81c60f50-fa3b-4d34-aabe-fbf8ec7020ac2,81c60f50-fa3b-4d34-aabe-fbf8ec7020acc26fa72f-5009-47b1-ac7d-739d3fc8d857,Latest Run,81c60f50-fa3b-4d34-aabe-fbf8ec7020ac,Prfl_SuperMarket_Contact,c26fa72f-5009-47b1-ac7d-739d3fc8d857,Valid_PhoneNumber,2,Valid,2114,,5,73.3773,0
81c60f50-fa3b-4d34-aabe-fbf8ec7020ac2,81c60f50-fa3b-4d34-aabe-fbf8ec7020acc26fa72f-5009-47b1-ac7d-739d3fc8d857,Latest Run,81c60f50-fa3b-4d34-aabe-fbf8ec7020ac,Prfl_SuperMarket_Contact,c26fa72f-5009-47b1-ac7d-739d3fc8d857,Valid_PhoneNumber,2,Invalid,767,,7,26.6227,1
81c60f50-fa3b-4d34-aabe-fbf8ec7020ac2,81c60f50-fa3b-4d34-aabe-fbf8ec7020ac85691dd8-0409-466b-a805-a9bfe5a1ccba,Latest Run,81c60f50-fa3b-4d34-aabe-fbf8ec7020ac,Prfl_SuperMarket_Contact,85691dd8-0409-466b-a805-a9bfe5a1ccba,Valid_Contact,2,Invalid_Contact,2418,,15,83.92919,0
81c60f50-fa3b-4d34-aabe-fbf8ec7020ac2,81c60f50-fa3b-4d34-aabe-fbf8ec7020ac85691dd8-0409-466b-a805-a9bfe5a1ccba,Latest Run,81c60f50-fa3b-4d34-aabe-fbf8ec7020ac,Prfl_SuperMarket_Contact,85691dd8-0409-466b-a805-a9bfe5a1ccba,Valid_Contact,2,Valid_Contact,463,,13,16.07081,1
81c60f50-fa3b-4d34-aabe-fbf8ec7020ac2,81c60f50-fa3b-4d34-aabe-fbf8ec7020ac6327e482-a7e0-42f8-bede-ac72ce560cae,Latest Run,81c60f50-fa3b-4d34-aabe-fbf8ec7020ac,Prfl_SuperMarket_Contact,6327e482-a7e0-42f8-bede-ac72ce560cae,Valid_Name,2,Invalid,2091,,7,72.57897,0
81c60f50-fa3b-4d34-aabe-fbf8ec7020ac2,81c60f50-fa3b-4d34-aabe-fbf8ec7020ac6327e482-a7e0-42f8-bede-ac72ce560cae,Latest Run,81c60f50-fa3b-4d34-aabe-fbf8ec7020ac,Prfl_SuperMarket_Contact,6327e482-a7e0-42f8-bede-ac72ce560cae,Valid_Name,2,Valid,790,,5,27.42103,1
81c60f50-fa3b-4d34-aabe-fbf8ec7020ac2,81c60f50-fa3b-4d34-aabe-fbf8ec7020ac9bf86670-30bc-417f-a8d9-c0fc285a5015,Latest Run,81c60f50-fa3b-4d34-aabe-fbf8ec7020ac,Prfl_SuperMarket_Contact,9bf86670-30bc-417f-a8d9-c0fc285a5015,Valid_Zip,2,Valid,2592,,5,89.96876,0
81c60f50-fa3b-4d34-aabe-fbf8ec7020ac2,81c60f50-fa3b-4d34-aabe-fbf8ec7020ac9bf86670-30bc-417f-a8d9-c0fc285a5015,Latest Run,81c60f50-fa3b-4d34-aabe-fbf8ec7020ac,Prfl_SuperMarket_Contact,9bf86670-30bc-417f-a8d9-c0fc285a5015,Valid_Zip,2,Invalid,289,,7,10.03124,1
81c60f50-fa3b-4d34-aabe-fbf8ec7020ac2,81c60f50-fa3b-4d34-aabe-fbf8ec7020acf25f7423-7b58-4724-9260-514895781c2e,Latest Run,81c60f50-fa3b-4d34-aabe-fbf8ec7020ac,Prfl_SuperMarket_Contact,f25f7423-7b58-4724-9260-514895781c2e,Country_Validation_Rule,2,Valid,2327,,5,80.77057,0
81c60f50-fa3b-4d34-aabe-fbf8ec7020ac2,81c60f50-fa3b-4d34-aabe-fbf8ec7020acf25f7423-7b58-4724-9260-514895781c2e,Latest Run,81c60f50-fa3b-4d34-aabe-fbf8ec7020ac,Prfl_SuperMarket_Contact,f25f7423-7b58-4724-9260-514895781c2e,Country_Validation_Rule,2,Invalid,554,,7,19.22943,1
81c60f50-fa3b-4d34-aabe-fbf8ec7020ac2,81c60f50-fa3b-4d34-aabe-fbf8ec7020ac1c94b29c-67e3-424e-942f-fda3f288dd77,Latest Run,81c60f50-fa3b-4d34-aabe-fbf8ec7020ac,Prfl_SuperMarket_Contact,1c94b29c-67e3-424e-942f-fda3f288dd77,EmailAddress,2,Valid,2783,,5,96.5984,0
81c60f50-fa3b-4d34-aabe-fbf8ec7020ac2,81c60f50-fa3b-4d34-aabe-fbf8ec7020ac1c94b29c-67e3-424e-942f-fda3f288dd77,Latest Run,81c60f50-fa3b-4d34-aabe-fbf8ec7020ac,Prfl_SuperMarket_Contact,1c94b29c-67e3-424e-942f-fda3f288dd77,EmailAddress,2,Invalid,98,,7,3.4016,1
127a6203-7ed3-4609-8dc0-00e859ed0efe1,127a6203-7ed3-4609-8dc0-00e859ed0efe7abb1ce0-e58d-4dbc-93ce-4c0c13868c82,Latest Run,127a6203-7ed3-4609-8dc0-00e859ed0efe,Profile_CUSTOMER,7abb1ce0-e58d-4dbc-93ce-4c0c13868c82,Phone_Conformity_Check,1,VALID,925,,5,98.82479,0
127a6203-7ed3-4609-8dc0-00e859ed0efe1,127a6203-7ed3-4609-8dc0-00e859ed0efe7abb1ce0-e58d-4dbc-93ce-4c0c13868c82,Latest Run,127a6203-7ed3-4609-8dc0-00e859ed0efe,Profile_CUSTOMER,7abb1ce0-e58d-4dbc-93ce-4c0c13868c82,Phone_Conformity_Check,1,INVALID,11,,7,1.17521,1
127a6203-7ed3-4609-8dc0-00e859ed0efe1,127a6203-7ed3-4609-8dc0-00e859ed0efec8f5092d-2c97-44cf-bc58-816b2c6c7111,Latest Run,127a6203-7ed3-4609-8dc0-00e859ed0efe,Profile_CUSTOMER,c8f5092d-2c97-44cf-bc58-816b2c6c7111,Overflow,1,,936,,,100.0,0
127a6203-7ed3-4609-8dc0-00e859ed0efe1,127a6203-7ed3-4609-8dc0-00e859ed0efec4df7cb2-6d34-4b87-a331-54979806b110,Latest Run,127a6203-7ed3-4609-8dc0-00e859ed0efe,Profile_CUSTOMER,c4df7cb2-6d34-4b87-a331-54979806b110,Unparsed,1,,930,True,,99.35897,0
127a6203-7ed3-4609-8dc0-00e859ed0efe1,127a6203-7ed3-4609-8dc0-00e859ed0efec4df7cb2-6d34-4b87-a331-54979806b110,Latest Run,127a6203-7ed3-4609-8dc0-00e859ed0efe,Profile_CUSTOMER,c4df7cb2-6d34-4b87-a331-54979806b110,Unparsed,1,fdormon30@,1,,10.0,0.10684,1
127a6203-7ed3-4609-8dc0-00e859ed0efe1,127a6203-7ed3-4609-8dc0-00e859ed0efec4df7cb2-6d34-4b87-a331-54979806b110,Latest Run,127a6203-7ed3-4609-8dc0-00e859ed0efe,Profile_CUSTOMER,c4df7cb2-6d34-4b87-a331-54979806b110,Unparsed,1,erisbridger31,1,,13.0,0.10684,2
127a6203-7ed3-4609-8dc0-00e859ed0efe1,127a6203-7ed3-4609-8dc0-00e859ed0efec4df7cb2-6d34-4b87-a331-54979806b110,Latest Run,127a6203-7ed3-4609-8dc0-00e859ed0efe,Profile_CUSTOMER,c4df7cb2-6d34-4b87-a331-54979806b110,Unparsed,1,thazael33@deviantart,1,,20.0,0.10684,3
127a6203-7ed3-4609-8dc0-00e859ed0efe1,127a6203-7ed3-4609-8dc0-00e859ed0efec4df7cb2-6d34-4b87-a331-54979806b110,Latest Run,127a6203-7ed3-4609-8dc0-00e859ed0efe,Profile_CUSTOMER,c4df7cb2-6d34-4b87-a331-54979806b110,Unparsed,1,djurewicz2y@,1,,12.0,0.10684,4
127a6203-7ed3-4609-8dc0-00e859ed0efe1,127a6203-7ed3-4609-8dc0-00e859ed0efec4df7cb2-6d34-4b87-a331-54979806b110,Latest Run,127a6203-7ed3-4609-8dc0-00e859ed0efe,Profile_CUSTOMER,c4df7cb2-6d34-4b87-a331-54979806b110,Unparsed,1,aflemming2z@,1,,12.0,0.10684,5
127a6203-7ed3-4609-8dc0-00e859ed0efe1,127a6203-7ed3-4609-8dc0-00e859ed0efec4df7cb2-6d34-4b87-a331-54979806b110,Latest Run,127a6203-7ed3-4609-8dc0-00e859ed0efe,Profile_CUSTOMER,c4df7cb2-6d34-4b87-a331-54979806b110,Unparsed,1,dcolthard32@theatlantic,1,,23.0,0.10684,6
127a6203-7ed3-4609-8dc0-00e859ed0efe1,127a6203-7ed3-4609-8dc0-00e859ed0efeda7b3948-03d0-4372-9dfa-42e88edf0f5c,Latest Run,127a6203-7ed3-4609-8dc0-00e859ed0efe,Profile_CUSTOMER,da7b3948-03d0-4372-9dfa-42e88edf0f5c,Parsed_Email,1,,13,True,,1.38889,0
127a6203-7ed3-4609-8dc0-00e859ed0efe1,127a6203-7ed3-4609-8dc0-00e859ed0efeda7b3948-03d0-4372-9dfa-42e88edf0f5c,Latest Run,127a6203-7ed3-4609-8dc0-00e859ed0efe,Profile_CUSTOMER,da7b3948-03d0-4372-9dfa-42e88edf0f5c,Parsed_Email,1,agerardjq@symantec.com,1,,22.0,0.10684,1
127a6203-7ed3-4609-8dc0-00e859ed0efe1,127a6203-7ed3-4609-8dc0-00e859ed0efeda7b3948-03d0-4372-9dfa-42e88edf0f5c,Latest Run,127a6203-7ed3-4609-8dc0-00e859ed0efe,Profile_CUSTOMER,da7b3948-03d0-4372-9dfa-42e88edf0f5c,Parsed_Email,1,mfurmstonlo@wikispaces.com,1,,26.0,0.10684,2
127a6203-7ed3-4609-8dc0-00e859ed0efe1,127a6203-7ed3-4609-8dc0-00e859ed0efeda7b3948-03d0-4372-9dfa-42e88edf0f5c,Latest Run,127a6203-7ed3-4609-8dc0-00e859ed0efe,Profile_CUSTOMER,da7b3948-03d0-4372-9dfa-42e88edf0f5c,Parsed_Email,1,rgoulbourn4p@yahoo.co.jp,1,,24.0,0.10684,3
127a6203-7ed3-4609-8dc0-00e859ed0efe1,127a6203-7ed3-4609-8dc0-00e859ed0efeda7b3948-03d0-4372-9dfa-42e88edf0f5c,Latest Run,127a6203-7ed3-4609-8dc0-00e859ed0efe,Profile_CUSTOMER,da7b3948-03d0-4372-9dfa-42e88edf0f5c,Parsed_Email,1,brait8h@wordpress.org,1,,21.0,0.10684,4
127a6203-7ed3-4609-8dc0-00e859ed0efe1,127a6203-7ed3-4609-8dc0-00e859ed0efeda7b3948-03d0-4372-9dfa-42e88edf0f5c,Latest Run,127a6203-7ed3-4609-8dc0-00e859ed0efe,Profile_CUSTOMER,da7b3948-03d0-4372-9dfa-42e88edf0f5c,Parsed_Email,1,ggravesg3@engadget.com,1,,22.0,0.10684,5
127a6203-7ed3-4609-8dc0-00e859ed0efe1,127a6203-7ed3-4609-8dc0-00e859ed0efeda7b3948-03d0-4372-9dfa-42e88edf0f5c,Latest Run,127a6203-7ed3-4609-8dc0-00e859ed0efe,Profile_CUSTOMER,da7b3948-03d0-4372-9dfa-42e88edf0f5c,Parsed_Email,1,yhalegarthkl@zimbio.com,1,,23.0,0.10684,6
127a6203-7ed3-4609-8dc0-00e859ed0efe1,127a6203-7ed3-4609-8dc0-00e859ed0efeda7b3948-03d0-4372-9dfa-42e88edf0f5c,Latest Run,127a6203-7ed3-4609-8dc0-00e859ed0efe,Profile_CUSTOMER,da7b3948-03d0-4372-9dfa-42e88edf0f5c,Parsed_Email,1,iaickenee@themeforest.net,1,,25.0,0.10684,7
127a6203-7ed3-4609-8dc0-00e859ed0efe1,127a6203-7ed3-4609-8dc0-00e859ed0efeda7b3948-03d0-4372-9dfa-42e88edf0f5c,Latest Run,127a6203-7ed3-4609-8dc0-00e859ed0efe,Profile_CUSTOMER,da7b3948-03d0-4372-9dfa-42e88edf0f5c,Parsed_Email,1,zfeenani7@artisteer.com,1,,23.0,0.10684,8
127a6203-7ed3-4609-8dc0-00e859ed0efe1,127a6203-7ed3-4609-8dc0-00e859ed0efeda7b3948-03d0-4372-9dfa-42e88edf0f5c,Latest Run,127a6203-7ed3-4609-8dc0-00e859ed0efe,Profile_CUSTOMER,da7b3948-03d0-4372-9dfa-42e88edf0f5c,Parsed_Email,1,ogrishukhin4s@artisteer.com,1,,27.0,0.10684,9
127a6203-7ed3-4609-8dc0-00e859ed0efe1,127a6203-7ed3-4609-8dc0-00e859ed0efeda7b3948-03d0-4372-9dfa-42e88edf0f5c,Latest Run,127a6203-7ed3-4609-8dc0-00e859ed0efe,Profile_CUSTOMER,da7b3948-03d0-4372-9dfa-42e88edf0f5c,Parsed_Email,1,hfaulkeshj@wufoo.com,1,,20.0,0.10684,10
127a6203-7ed3-4609-8dc0-00e859ed0efe1,127a6203-7ed3-4609-8dc0-00e859ed0efeda7b3948-03d0-4372-9dfa-42e88edf0f5c,Latest Run,127a6203-7ed3-4609-8dc0-00e859ed0efe,Profile_CUSTOMER,da7b3948-03d0-4372-9dfa-42e88edf0f5c,Parsed_Email,1,nrutiglianomz@washington.edu,1,,28.0,0.10684,11
127a6203-7ed3-4609-8dc0-00e859ed0efe1,127a6203-7ed3-4609-8dc0-00e859ed0efeda7b3948-03d0-4372-9dfa-42e88edf0f5c,Latest Run,127a6203-7ed3-4609-8dc0-00e859ed0efe,Profile_CUSTOMER,da7b3948-03d0-4372-9dfa-42e88edf0f5c,Parsed_Email,1,mjenkinci@yandex.ru,1,,19.0,0.10684,12
127a6203-7ed3-4609-8dc0-00e859ed0efe1,127a6203-7ed3-4609-8dc0-00e859ed0efeda7b3948-03d0-4372-9dfa-42e88edf0f5c,Latest Run,127a6203-7ed3-4609-8dc0-00e859ed0efe,Profile_CUSTOMER,da7b3948-03d0-4372-9dfa-42e88edf0f5c,Parsed_Email,1,atrevenamj@4shared.com,1,,22.0,0.10684,13
127a6203-7ed3-4609-8dc0-00e859ed0efe1,127a6203-7ed3-4609-8dc0-00e859ed0efeda7b3948-03d0-4372-9dfa-42e88edf0f5c,Latest Run,127a6203-7ed3-4609-8dc0-00e859ed0efe,Profile_CUSTOMER,da7b3948-03d0-4372-9dfa-42e88edf0f5c,Parsed_Email,1,hfilippazzolb@nhs.uk,1,,20.0,0.10684,14
127a6203-7ed3-4609-8dc0-00e859ed0efe1,127a6203-7ed3-4609-8dc0-00e859ed0efeda7b3948-03d0-4372-9dfa-42e88edf0f5c,Latest Run,127a6203-7ed3-4609-8dc0-00e859ed0efe,Profile_CUSTOMER,da7b3948-03d0-4372-9dfa-42e88edf0f5c,Parsed_Email,1,egeggusi0@clickbank.net,1,,23.0,0.10684,15
127a6203-7ed3-4609-8dc0-00e859ed0efe1,127a6203-7ed3-4609-8dc0-00e859ed0efeda7b3948-03d0-4372-9dfa-42e88edf0f5c,Latest Run,127a6203-7ed3-4609-8dc0-00e859ed0efe,Profile_CUSTOMER,da7b3948-03d0-4372-9dfa-42e88edf0f5c,Parsed_Email,1,leytel9z@wikipedia.org,1,,22.0,0.10684,16
127a6203-7ed3-4609-8dc0-00e859ed0efe1,127a6203-7ed3-4609-8dc0-00e859ed0efeda7b3948-03d0-4372-9dfa-42e88edf0f5c,Latest Run,127a6203-7ed3-4609-8dc0-00e859ed0efe,Profile_CUSTOMER,da7b3948-03d0-4372-9dfa-42e88edf0f5c,Parsed_Email,1,lsnazlegb@nba.com,1,,17.0,0.10684,17
127a6203-7ed3-4609-8dc0-00e859ed0efe1,127a6203-7ed3-4609-8dc0-00e859ed0efeda7b3948-03d0-4372-9dfa-42e88edf0f5c,Latest Run,127a6203-7ed3-4609-8dc0-00e859ed0efe,Profile_CUSTOMER,da7b3948-03d0-4372-9dfa-42e88edf0f5c,Parsed_Email,1,dmacilhenchj7@twitpic.com,1,,25.0,0.10684,18
127a6203-7ed3-4609-8dc0-00e859ed0efe1,127a6203-7ed3-4609-8dc0-00e859ed0efeda7b3948-03d0-4372-9dfa-42e88edf0f5c,Latest Run,127a6203-7ed3-4609-8dc0-00e859ed0efe,Profile_CUSTOMER,da7b3948-03d0-4372-9dfa-42e88edf0f5c,Parsed_Email,1,awatlingm6@tripadvisor.com,1,,26.0,0.10684,19
127a6203-7ed3-4609-8dc0-00e859ed0efe1,127a6203-7ed3-4609-8dc0-00e859ed0efe6d387fbb-8c1a-4c65-9844-ea44b75bafa4,Latest Run,127a6203-7ed3-4609-8dc0-00e859ed0efe,Profile_CUSTOMER,6d387fbb-8c1a-4c65-9844-ea44b75bafa4,Country_Name_Vality_Check,1,VALID,895,,5,95.61966,0
127a6203-7ed3-4609-8dc0-00e859ed0efe1,127a6203-7ed3-4609-8dc0-00e859ed0efe6d387fbb-8c1a-4c65-9844-ea44b75bafa4,Latest Run,127a6203-7ed3-4609-8dc0-00e859ed0efe,Profile_CUSTOMER,6d387fbb-8c1a-4c65-9844-ea44b75bafa4,Country_Name_Vality_Check,1,INVALID,41,,7,4.38034,1
20a1bca5-8718-4d4e-b7b9-e042eb5d730820,20a1bca5-8718-4d4e-b7b9-e042eb5d73087d8d6640-3620-492e-9469-4026a004582a,Latest Run,20a1bca5-8718-4d4e-b7b9-e042eb5d7308,Profile_Customer,7d8d6640-3620-492e-9469-4026a004582a,Cust_country_validity,20,VALID,873,,5,93.26923,0
20a1bca5-8718-4d4e-b7b9-e042eb5d730820,20a1bca5-8718-4d4e-b7b9-e042eb5d73087d8d6640-3620-492e-9469-4026a004582a,Latest Run,20a1bca5-8718-4d4e-b7b9-e042eb5d7308,Profile_Customer,7d8d6640-3620-492e-9469-4026a004582a,Cust_country_validity,20,INVALID,63,,7,6.73077,1
20a1bca5-8718-4d4e-b7b9-e042eb5d730819,20a1bca5-8718-4d4e-b7b9-e042eb5d73087d8d6640-3620-492e-9469-4026a004582a,Previous Run,20a1bca5-8718-4d4e-b7b9-e042eb5d7308,Profile_Customer,7d8d6640-3620-492e-9469-4026a004582a,Cust_country_validity,19,1,873,,1,93.26923,0
20a1bca5-8718-4d4e-b7b9-e042eb5d730819,20a1bca5-8718-4d4e-b7b9-e042eb5d73087d8d6640-3620-492e-9469-4026a004582a,Previous Run,20a1bca5-8718-4d4e-b7b9-e042eb5d7308,Profile_Customer,7d8d6640-3620-492e-9469-4026a004582a,Cust_country_validity,19,0,63,,1,6.73077,1
20a1bca5-8718-4d4e-b7b9-e042eb5d730818,20a1bca5-8718-4d4e-b7b9-e042eb5d73087d8d6640-3620-492e-9469-4026a004582a,Previous Run - 1,20a1bca5-8718-4d4e-b7b9-e042eb5d7308,Profile_Customer,7d8d6640-3620-492e-9469-4026a004582a,Cust_country_validity,18,1,873,,1,93.26923,0
20a1bca5-8718-4d4e-b7b9-e042eb5d730818,20a1bca5-8718-4d4e-b7b9-e042eb5d73087d8d6640-3620-492e-9469-4026a004582a,Previous Run - 1,20a1bca5-8718-4d4e-b7b9-e042eb5d7308,Profile_Customer,7d8d6640-3620-492e-9469-4026a004582a,Cust_country_validity,18,0,63,,1,6.73077,1
20a1bca5-8718-4d4e-b7b9-e042eb5d730817,20a1bca5-8718-4d4e-b7b9-e042eb5d73087d8d6640-3620-492e-9469-4026a004582a,Previous Run - 2,20a1bca5-8718-4d4e-b7b9-e042eb5d7308,Profile_Customer,7d8d6640-3620-492e-9469-4026a004582a,Cust_country_validity,17,1,873,,1,93.26923,0
20a1bca5-8718-4d4e-b7b9-e042eb5d730817,20a1bca5-8718-4d4e-b7b9-e042eb5d73087d8d6640-3620-492e-9469-4026a004582a,Previous Run - 2,20a1bca5-8718-4d4e-b7b9-e042eb5d7308,Profile_Customer,7d8d6640-3620-492e-9469-4026a004582a,Cust_country_validity,17,0,63,,1,6.73077,1
20a1bca5-8718-4d4e-b7b9-e042eb5d730816,20a1bca5-8718-4d4e-b7b9-e042eb5d73087d8d6640-3620-492e-9469-4026a004582a,Previous Run - 3,20a1bca5-8718-4d4e-b7b9-e042eb5d7308,Profile_Customer,7d8d6640-3620-492e-9469-4026a004582a,Cust_country_validity,16,1,873,,1,93.26923,0
20a1bca5-8718-4d4e-b7b9-e042eb5d730816,20a1bca5-8718-4d4e-b7b9-e042eb5d73087d8d6640-3620-492e-9469-4026a004582a,Previous Run - 3,20a1bca5-8718-4d4e-b7b9-e042eb5d7308,Profile_Customer,7d8d6640-3620-492e-9469-4026a004582a,Cust_country_validity,16,0,63,,1,6.73077,1
20a1bca5-8718-4d4e-b7b9-e042eb5d730815,20a1bca5-8718-4d4e-b7b9-e042eb5d73087d8d6640-3620-492e-9469-4026a004582a,Previous Run - 4,20a1bca5-8718-4d4e-b7b9-e042eb5d7308,Profile_Customer,7d8d6640-3620-492e-9469-4026a004582a,Cust_country_validity,15,1,873,,1,93.26923,0
20a1bca5-8718-4d4e-b7b9-e042eb5d730815,20a1bca5-8718-4d4e-b7b9-e042eb5d73087d8d6640-3620-492e-9469-4026a004582a,Previous Run - 4,20a1bca5-8718-4d4e-b7b9-e042eb5d7308,Profile_Customer,7d8d6640-3620-492e-9469-4026a004582a,Cust_country_validity,15,0,63,,1,6.73077,1
20a1bca5-8718-4d4e-b7b9-e042eb5d730814,20a1bca5-8718-4d4e-b7b9-e042eb5d73087d8d6640-3620-492e-9469-4026a004582a,Previous Run - 5,20a1bca5-8718-4d4e-b7b9-e042eb5d7308,Profile_Customer,7d8d6640-3620-492e-9469-4026a004582a,Cust_country_validity,14,1,873,,1,93.26923,0
20a1bca5-8718-4d4e-b7b9-e042eb5d730814,20a1bca5-8718-4d4e-b7b9-e042eb5d73087d8d6640-3620-492e-9469-4026a004582a,Previous Run - 5,20a1bca5-8718-4d4e-b7b9-e042eb5d7308,Profile_Customer,7d8d6640-3620-492e-9469-4026a004582a,Cust_country_validity,14,0,63,,1,6.73077,1
20a1bca5-8718-4d4e-b7b9-e042eb5d730813,20a1bca5-8718-4d4e-b7b9-e042eb5d73087d8d6640-3620-492e-9469-4026a004582a,Previous Run - 6,20a1bca5-8718-4d4e-b7b9-e042eb5d7308,Profile_Customer,7d8d6640-3620-492e-9469-4026a004582a,Cust_country_validity,13,1,873,,1,93.26923,0
20a1bca5-8718-4d4e-b7b9-e042eb5d730813,20a1bca5-8718-4d4e-b7b9-e042eb5d73087d8d6640-3620-492e-9469-4026a004582a,Previous Run - 6,20a1bca5-8718-4d4e-b7b9-e042eb5d7308,Profile_Customer,7d8d6640-3620-492e-9469-4026a004582a,Cust_country_validity,13,0,63,,1,6.73077,1
20a1bca5-8718-4d4e-b7b9-e042eb5d730812,20a1bca5-8718-4d4e-b7b9-e042eb5d73087d8d6640-3620-492e-9469-4026a004582a,Previous Run - 7,20a1bca5-8718-4d4e-b7b9-e042eb5d7308,Profile_Customer,7d8d6640-3620-492e-9469-4026a004582a,Cust_country_validity,12,1,873,,1,93.26923,0
20a1bca5-8718-4d4e-b7b9-e042eb5d730812,20a1bca5-8718-4d4e-b7b9-e042eb5d73087d8d6640-3620-492e-9469-4026a004582a,Previous Run - 7,20a1bca5-8718-4d4e-b7b9-e042eb5d7308,Profile_Customer,7d8d6640-3620-492e-9469-4026a004582a,Cust_country_validity,12,0,63,,1,6.73077,1
20a1bca5-8718-4d4e-b7b9-e042eb5d730811,20a1bca5-8718-4d4e-b7b9-e042eb5d73087d8d6640-3620-492e-9469-4026a004582a,Previous Run - 8,20a1bca5-8718-4d4e-b7b9-e042eb5d7308,Profile_Customer,7d8d6640-3620-492e-9469-4026a004582a,Cust_country_validity,11,1,873,,1,93.26923,0
20a1bca5-8718-4d4e-b7b9-e042eb5d730811,20a1bca5-8718-4d4e-b7b9-e042eb5d73087d8d6640-3620-492e-9469-4026a004582a,Previous Run - 8,20a1bca5-8718-4d4e-b7b9-e042eb5d7308,Profile_Customer,7d8d6640-3620-492e-9469-4026a004582a,Cust_country_validity,11,0,63,,1,6.73077,1
307e5f75-dac2-493b-a5d8-1db279c070929,307e5f75-dac2-493b-a5d8-1db279c07092729bb8e0-7b82-4e00-a639-226ee3cd2bae,Latest Run,307e5f75-dac2-493b-a5d8-1db279c07092,Profile_CUSTOMER_DATA,729bb8e0-7b82-4e00-a639-226ee3cd2bae,Country_Validity,9,VALID,981,,5,98.1,0
307e5f75-dac2-493b-a5d8-1db279c070929,307e5f75-dac2-493b-a5d8-1db279c07092729bb8e0-7b82-4e00-a639-226ee3cd2bae,Latest Run,307e5f75-dac2-493b-a5d8-1db279c07092,Profile_CUSTOMER_DATA,729bb8e0-7b82-4e00-a639-226ee3cd2bae,Country_Validity,9,INVALID,19,,7,1.9,1
307e5f75-dac2-493b-a5d8-1db279c070928,307e5f75-dac2-493b-a5d8-1db279c07092729bb8e0-7b82-4e00-a639-226ee3cd2bae,Previous Run,307e5f75-dac2-493b-a5d8-1db279c07092,Profile_CUSTOMER_DATA,729bb8e0-7b82-4e00-a639-226ee3cd2bae,Country_Validity,8,China,194,True,5,19.4,0
307e5f75-dac2-493b-a5d8-1db279c070928,307e5f75-dac2-493b-a5d8-1db279c07092729bb8e0-7b82-4e00-a639-226ee3cd2bae,Previous Run,307e5f75-dac2-493b-a5d8-1db279c07092,Profile_CUSTOMER_DATA,729bb8e0-7b82-4e00-a639-226ee3cd2bae,Country_Validity,8,Indonesia,115,True,9,11.5,1
307e5f75-dac2-493b-a5d8-1db279c070928,307e5f75-dac2-493b-a5d8-1db279c07092729bb8e0-7b82-4e00-a639-226ee3cd2bae,Previous Run,307e5f75-dac2-493b-a5d8-1db279c07092,Profile_CUSTOMER_DATA,729bb8e0-7b82-4e00-a639-226ee3cd2bae,Country_Validity,8,Russia,78,True,6,7.8,2
307e5f75-dac2-493b-a5d8-1db279c070928,307e5f75-dac2-493b-a5d8-1db279c07092729bb8e0-7b82-4e00-a639-226ee3cd2bae,Previous Run,307e5f75-dac2-493b-a5d8-1db279c07092,Profile_CUSTOMER_DATA,729bb8e0-7b82-4e00-a639-226ee3cd2bae,Country_Validity,8,Philippines,47,True,11,4.7,3
307e5f75-dac2-493b-a5d8-1db279c070928,307e5f75-dac2-493b-a5d8-1db279c07092729bb8e0-7b82-4e00-a639-226ee3cd2bae,Previous Run,307e5f75-dac2-493b-a5d8-1db279c07092,Profile_CUSTOMER_DATA,729bb8e0-7b82-4e00-a639-226ee3cd2bae,Country_Validity,8,Brazil,43,True,6,4.3,4
307e5f75-dac2-493b-a5d8-1db279c070928,307e5f75-dac2-493b-a5d8-1db279c07092729bb8e0-7b82-4e00-a639-226ee3cd2bae,Previous Run,307e5f75-dac2-493b-a5d8-1db279c07092,Profile_CUSTOMER_DATA,729bb8e0-7b82-4e00-a639-226ee3cd2bae,Country_Validity,8,Portugal,37,,8,3.7,5
307e5f75-dac2-493b-a5d8-1db279c070928,307e5f75-dac2-493b-a5d8-1db279c07092729bb8e0-7b82-4e00-a639-226ee3cd2bae,Previous Run,307e5f75-dac2-493b-a5d8-1db279c07092,Profile_CUSTOMER_DATA,729bb8e0-7b82-4e00-a639-226ee3cd2bae,Country_Validity,8,Poland,33,,6,3.3,6
307e5f75-dac2-493b-a5d8-1db279c070928,307e5f75-dac2-493b-a5d8-1db279c07092729bb8e0-7b82-4e00-a639-226ee3cd2bae,Previous Run,307e5f75-dac2-493b-a5d8-1db279c07092,Profile_CUSTOMER_DATA,729bb8e0-7b82-4e00-a639-226ee3cd2bae,Country_Validity,8,France,24,,6,2.4,7
307e5f75-dac2-493b-a5d8-1db279c070928,307e5f75-dac2-493b-a5d8-1db279c07092729bb8e0-7b82-4e00-a639-226ee3cd2bae,Previous Run,307e5f75-dac2-493b-a5d8-1db279c07092,Profile_CUSTOMER_DATA,729bb8e0-7b82-4e00-a639-226ee3cd2bae,Country_Validity,8,Sweden,22,,6,2.2,8
307e5f75-dac2-493b-a5d8-1db279c070928,307e5f75-dac2-493b-a5d8-1db279c07092729bb8e0-7b82-4e00-a639-226ee3cd2bae,Previous Run,307e5f75-dac2-493b-a5d8-1db279c07092,Profile_CUSTOMER_DATA,729bb8e0-7b82-4e00-a639-226ee3cd2bae,Country_Validity,8,Japan,21,,5,2.1,9
307e5f75-dac2-493b-a5d8-1db279c070928,307e5f75-dac2-493b-a5d8-1db279c07092729bb8e0-7b82-4e00-a639-226ee3cd2bae,Previous Run,307e5f75-dac2-493b-a5d8-1db279c07092,Profile_CUSTOMER_DATA,729bb8e0-7b82-4e00-a639-226ee3cd2bae,Country_Validity,8,Colombia,20,,8,2.0,10
307e5f75-dac2-493b-a5d8-1db279c070928,307e5f75-dac2-493b-a5d8-1db279c07092729bb8e0-7b82-4e00-a639-226ee3cd2bae,Previous Run,307e5f75-dac2-493b-a5d8-1db279c07092,Profile_CUSTOMER_DATA,729bb8e0-7b82-4e00-a639-226ee3cd2bae,Country_Validity,8,Peru,19,,4,1.9,11
307e5f75-dac2-493b-a5d8-1db279c070928,307e5f75-dac2-493b-a5d8-1db279c07092729bb8e0-7b82-4e00-a639-226ee3cd2bae,Previous Run,307e5f75-dac2-493b-a5d8-1db279c07092,Profile_CUSTOMER_DATA,729bb8e0-7b82-4e00-a639-226ee3cd2bae,Country_Validity,8,Thailand,16,,8,1.6,12
307e5f75-dac2-493b-a5d8-1db279c070928,307e5f75-dac2-493b-a5d8-1db279c07092729bb8e0-7b82-4e00-a639-226ee3cd2bae,Previous Run,307e5f75-dac2-493b-a5d8-1db279c07092,Profile_CUSTOMER_DATA,729bb8e0-7b82-4e00-a639-226ee3cd2bae,Country_Validity,8,Czech Republic,15,,14,1.5,13
307e5f75-dac2-493b-a5d8-1db279c070928,307e5f75-dac2-493b-a5d8-1db279c07092729bb8e0-7b82-4e00-a639-226ee3cd2bae,Previous Run,307e5f75-dac2-493b-a5d8-1db279c07092,Profile_CUSTOMER_DATA,729bb8e0-7b82-4e00-a639-226ee3cd2bae,Country_Validity,8,INVALID,14,,7,1.4,14
307e5f75-dac2-493b-a5d8-1db279c070928,307e5f75-dac2-493b-a5d8-1db279c07092729bb8e0-7b82-4e00-a639-226ee3cd2bae,Previous Run,307e5f75-dac2-493b-a5d8-1db279c07092,Profile_CUSTOMER_DATA,729bb8e0-7b82-4e00-a639-226ee3cd2bae,Country_Validity,8,Greece,13,,6,1.3,15
307e5f75-dac2-493b-a5d8-1db279c070928,307e5f75-dac2-493b-a5d8-1db279c07092729bb8e0-7b82-4e00-a639-226ee3cd2bae,Previous Run,307e5f75-dac2-493b-a5d8-1db279c07092,Profile_CUSTOMER_DATA,729bb8e0-7b82-4e00-a639-226ee3cd2bae,Country_Validity,8,Finland,12,,7,1.2,16
307e5f75-dac2-493b-a5d8-1db279c070928,307e5f75-dac2-493b-a5d8-1db279c07092729bb8e0-7b82-4e00-a639-226ee3cd2bae,Previous Run,307e5f75-dac2-493b-a5d8-1db279c07092,Profile_CUSTOMER_DATA,729bb8e0-7b82-4e00-a639-226ee3cd2bae,Country_Validity,8,Ukraine,12,,7,1.2,17
307e5f75-dac2-493b-a5d8-1db279c070928,307e5f75-dac2-493b-a5d8-1db279c07092729bb8e0-7b82-4e00-a639-226ee3cd2bae,Previous Run,307e5f75-dac2-493b-a5d8-1db279c07092,Profile_CUSTOMER_DATA,729bb8e0-7b82-4e00-a639-226ee3cd2bae,Country_Validity,8,Mexico,11,,6,1.1,18
307e5f75-dac2-493b-a5d8-1db279c070928,307e5f75-dac2-493b-a5d8-1db279c07092729bb8e0-7b82-4e00-a639-226ee3cd2bae,Previous Run,307e5f75-dac2-493b-a5d8-1db279c07092,Profile_CUSTOMER_DATA,729bb8e0-7b82-4e00-a639-226ee3cd2bae,Country_Validity,8,Canada,10,,6,1.0,19
307e5f75-dac2-493b-a5d8-1db279c070927,307e5f75-dac2-493b-a5d8-1db279c07092729bb8e0-7b82-4e00-a639-226ee3cd2bae,Previous Run - 1,307e5f75-dac2-493b-a5d8-1db279c07092,Profile_CUSTOMER_DATA,729bb8e0-7b82-4e00-a639-226ee3cd2bae,Country_Validity,7,China,194,True,5,19.4,0
307e5f75-dac2-493b-a5d8-1db279c070927,307e5f75-dac2-493b-a5d8-1db279c07092729bb8e0-7b82-4e00-a639-226ee3cd2bae,Previous Run - 1,307e5f75-dac2-493b-a5d8-1db279c07092,Profile_CUSTOMER_DATA,729bb8e0-7b82-4e00-a639-226ee3cd2bae,Country_Validity,7,Indonesia,115,True,9,11.5,1
307e5f75-dac2-493b-a5d8-1db279c070927,307e5f75-dac2-493b-a5d8-1db279c07092729bb8e0-7b82-4e00-a639-226ee3cd2bae,Previous Run - 1,307e5f75-dac2-493b-a5d8-1db279c07092,Profile_CUSTOMER_DATA,729bb8e0-7b82-4e00-a639-226ee3cd2bae,Country_Validity,7,Russia,78,True,6,7.8,2
307e5f75-dac2-493b-a5d8-1db279c070927,307e5f75-dac2-493b-a5d8-1db279c07092729bb8e0-7b82-4e00-a639-226ee3cd2bae,Previous Run - 1,307e5f75-dac2-493b-a5d8-1db279c07092,Profile_CUSTOMER_DATA,729bb8e0-7b82-4e00-a639-226ee3cd2bae,Country_Validity,7,Philippines,47,True,11,4.7,3
307e5f75-dac2-493b-a5d8-1db279c070927,307e5f75-dac2-493b-a5d8-1db279c07092729bb8e0-7b82-4e00-a639-226ee3cd2bae,Previous Run - 1,307e5f75-dac2-493b-a5d8-1db279c07092,Profile_CUSTOMER_DATA,729bb8e0-7b82-4e00-a639-226ee3cd2bae,Country_Validity,7,Brazil,43,True,6,4.3,4
307e5f75-dac2-493b-a5d8-1db279c070927,307e5f75-dac2-493b-a5d8-1db279c07092729bb8e0-7b82-4e00-a639-226ee3cd2bae,Previous Run - 1,307e5f75-dac2-493b-a5d8-1db279c07092,Profile_CUSTOMER_DATA,729bb8e0-7b82-4e00-a639-226ee3cd2bae,Country_Validity,7,Portugal,37,,8,3.7,5
307e5f75-dac2-493b-a5d8-1db279c070927,307e5f75-dac2-493b-a5d8-1db279c07092729bb8e0-7b82-4e00-a639-226ee3cd2bae,Previous Run - 1,307e5f75-dac2-493b-a5d8-1db279c07092,Profile_CUSTOMER_DATA,729bb8e0-7b82-4e00-a639-226ee3cd2bae,Country_Validity,7,Poland,33,,6,3.3,6
307e5f75-dac2-493b-a5d8-1db279c070927,307e5f75-dac2-493b-a5d8-1db279c07092729bb8e0-7b82-4e00-a639-226ee3cd2bae,Previous Run - 1,307e5f75-dac2-493b-a5d8-1db279c07092,Profile_CUSTOMER_DATA,729bb8e0-7b82-4e00-a639-226ee3cd2bae,Country_Validity,7,France,24,,6,2.4,7
307e5f75-dac2-493b-a5d8-1db279c070927,307e5f75-dac2-493b-a5d8-1db279c07092729bb8e0-7b82-4e00-a639-226ee3cd2bae,Previous Run - 1,307e5f75-dac2-493b-a5d8-1db279c07092,Profile_CUSTOMER_DATA,729bb8e0-7b82-4e00-a639-226ee3cd2bae,Country_Validity,7,Sweden,22,,6,2.2,8
307e5f75-dac2-493b-a5d8-1db279c070927,307e5f75-dac2-493b-a5d8-1db279c07092729bb8e0-7b82-4e00-a639-226ee3cd2bae,Previous Run - 1,307e5f75-dac2-493b-a5d8-1db279c07092,Profile_CUSTOMER_DATA,729bb8e0-7b82-4e00-a639-226ee3cd2bae,Country_Validity,7,Japan,21,,5,2.1,9
307e5f75-dac2-493b-a5d8-1db279c070927,307e5f75-dac2-493b-a5d8-1db279c07092729bb8e0-7b82-4e00-a639-226ee3cd2bae,Previous Run - 1,307e5f75-dac2-493b-a5d8-1db279c07092,Profile_CUSTOMER_DATA,729bb8e0-7b82-4e00-a639-226ee3cd2bae,Country_Validity,7,Colombia,20,,8,2.0,10
307e5f75-dac2-493b-a5d8-1db279c070927,307e5f75-dac2-493b-a5d8-1db279c07092729bb8e0-7b82-4e00-a639-226ee3cd2bae,Previous Run - 1,307e5f75-dac2-493b-a5d8-1db279c07092,Profile_CUSTOMER_DATA,729bb8e0-7b82-4e00-a639-226ee3cd2bae,Country_Validity,7,Peru,19,,4,1.9,11
307e5f75-dac2-493b-a5d8-1db279c070927,307e5f75-dac2-493b-a5d8-1db279c07092729bb8e0-7b82-4e00-a639-226ee3cd2bae,Previous Run - 1,307e5f75-dac2-493b-a5d8-1db279c07092,Profile_CUSTOMER_DATA,729bb8e0-7b82-4e00-a639-226ee3cd2bae,Country_Validity,7,Thailand,16,,8,1.6,12
307e5f75-dac2-493b-a5d8-1db279c070927,307e5f75-dac2-493b-a5d8-1db279c07092729bb8e0-7b82-4e00-a639-226ee3cd2bae,Previous Run - 1,307e5f75-dac2-493b-a5d8-1db279c07092,Profile_CUSTOMER_DATA,729bb8e0-7b82-4e00-a639-226ee3cd2bae,Country_Validity,7,Czech Republic,15,,14,1.5,13
307e5f75-dac2-493b-a5d8-1db279c070927,307e5f75-dac2-493b-a5d8-1db279c07092729bb8e0-7b82-4e00-a639-226ee3cd2bae,Previous Run - 1,307e5f75-dac2-493b-a5d8-1db279c07092,Profile_CUSTOMER_DATA,729bb8e0-7b82-4e00-a639-226ee3cd2bae,Country_Validity,7,INVALID,14,,7,1.4,14
307e5f75-dac2-493b-a5d8-1db279c070927,307e5f75-dac2-493b-a5d8-1db279c07092729bb8e0-7b82-4e00-a639-226ee3cd2bae,Previous Run - 1,307e5f75-dac2-493b-a5d8-1db279c07092,Profile_CUSTOMER_DATA,729bb8e0-7b82-4e00-a639-226ee3cd2bae,Country_Validity,7,Greece,13,,6,1.3,15
307e5f75-dac2-493b-a5d8-1db279c070927,307e5f75-dac2-493b-a5d8-1db279c07092729bb8e0-7b82-4e00-a639-226ee3cd2bae,Previous Run - 1,307e5f75-dac2-493b-a5d8-1db279c07092,Profile_CUSTOMER_DATA,729bb8e0-7b82-4e00-a639-226ee3cd2bae,Country_Validity,7,Finland,12,,7,1.2,16
307e5f75-dac2-493b-a5d8-1db279c070927,307e5f75-dac2-493b-a5d8-1db279c07092729bb8e0-7b82-4e00-a639-226ee3cd2bae,Previous Run - 1,307e5f75-dac2-493b-a5d8-1db279c07092,Profile_CUSTOMER_DATA,729bb8e0-7b82-4e00-a639-226ee3cd2bae,Country_Validity,7,Ukraine,12,,7,1.2,17
307e5f75-dac2-493b-a5d8-1db279c070927,307e5f75-dac2-493b-a5d8-1db279c07092729bb8e0-7b82-4e00-a639-226ee3cd2bae,Previous Run - 1,307e5f75-dac2-493b-a5d8-1db279c07092,Profile_CUSTOMER_DATA,729bb8e0-7b82-4e00-a639-226ee3cd2bae,Country_Validity,7,Mexico,11,,6,1.1,18
307e5f75-dac2-493b-a5d8-1db279c070927,307e5f75-dac2-493b-a5d8-1db279c07092729bb8e0-7b82-4e00-a639-226ee3cd2bae,Previous Run - 1,307e5f75-dac2-493b-a5d8-1db279c07092,Profile_CUSTOMER_DATA,729bb8e0-7b82-4e00-a639-226ee3cd2bae,Country_Validity,7,Canada,10,,6,1.0,19
307e5f75-dac2-493b-a5d8-1db279c070926,307e5f75-dac2-493b-a5d8-1db279c07092729bb8e0-7b82-4e00-a639-226ee3cd2bae,Previous Run - 2,307e5f75-dac2-493b-a5d8-1db279c07092,Profile_CUSTOMER_DATA,729bb8e0-7b82-4e00-a639-226ee3cd2bae,Country_Validity,6,VALID,986,,5,98.6,0
307e5f75-dac2-493b-a5d8-1db279c070926,307e5f75-dac2-493b-a5d8-1db279c07092729bb8e0-7b82-4e00-a639-226ee3cd2bae,Previous Run - 2,307e5f75-dac2-493b-a5d8-1db279c07092,Profile_CUSTOMER_DATA,729bb8e0-7b82-4e00-a639-226ee3cd2bae,Country_Validity,6,NULL,14,,4,1.4,1
307e5f75-dac2-493b-a5d8-1db279c070925,307e5f75-dac2-493b-a5d8-1db279c07092729bb8e0-7b82-4e00-a639-226ee3cd2bae,Previous Run - 3,307e5f75-dac2-493b-a5d8-1db279c07092,Profile_CUSTOMER_DATA,729bb8e0-7b82-4e00-a639-226ee3cd2bae,Country_Validity,5,VALID,986,,5,98.6,0
307e5f75-dac2-493b-a5d8-1db279c070925,307e5f75-dac2-493b-a5d8-1db279c07092729bb8e0-7b82-4e00-a639-226ee3cd2bae,Previous Run - 3,307e5f75-dac2-493b-a5d8-1db279c07092,Profile_CUSTOMER_DATA,729bb8e0-7b82-4e00-a639-226ee3cd2bae,Country_Validity,5,NULL,14,,4,1.4,1
307e5f75-dac2-493b-a5d8-1db279c070924,307e5f75-dac2-493b-a5d8-1db279c07092e9f4f016-8189-44c7-beb5-8c9952cde77d,Previous Run - 4,307e5f75-dac2-493b-a5d8-1db279c07092,Profile_CUSTOMER_DATA,e9f4f016-8189-44c7-beb5-8c9952cde77d,Cleanse Country Information,4,CHINA,194,True,5,19.4,0
307e5f75-dac2-493b-a5d8-1db279c070924,307e5f75-dac2-493b-a5d8-1db279c07092e9f4f016-8189-44c7-beb5-8c9952cde77d,Previous Run - 4,307e5f75-dac2-493b-a5d8-1db279c07092,Profile_CUSTOMER_DATA,e9f4f016-8189-44c7-beb5-8c9952cde77d,Cleanse Country Information,4,INDONESIA,115,True,9,11.5,1
307e5f75-dac2-493b-a5d8-1db279c070924,307e5f75-dac2-493b-a5d8-1db279c07092e9f4f016-8189-44c7-beb5-8c9952cde77d,Previous Run - 4,307e5f75-dac2-493b-a5d8-1db279c07092,Profile_CUSTOMER_DATA,e9f4f016-8189-44c7-beb5-8c9952cde77d,Cleanse Country Information,4,RUSSIA,78,True,6,7.8,2
307e5f75-dac2-493b-a5d8-1db279c070924,307e5f75-dac2-493b-a5d8-1db279c07092e9f4f016-8189-44c7-beb5-8c9952cde77d,Previous Run - 4,307e5f75-dac2-493b-a5d8-1db279c07092,Profile_CUSTOMER_DATA,e9f4f016-8189-44c7-beb5-8c9952cde77d,Cleanse Country Information,4,PHILIPPINES,47,True,11,4.7,3
307e5f75-dac2-493b-a5d8-1db279c070924,307e5f75-dac2-493b-a5d8-1db279c07092e9f4f016-8189-44c7-beb5-8c9952cde77d,Previous Run - 4,307e5f75-dac2-493b-a5d8-1db279c07092,Profile_CUSTOMER_DATA,e9f4f016-8189-44c7-beb5-8c9952cde77d,Cleanse Country Information,4,BRAZIL,43,True,6,4.3,4
307e5f75-dac2-493b-a5d8-1db279c070924,307e5f75-dac2-493b-a5d8-1db279c07092e9f4f016-8189-44c7-beb5-8c9952cde77d,Previous Run - 4,307e5f75-dac2-493b-a5d8-1db279c07092,Profile_CUSTOMER_DATA,e9f4f016-8189-44c7-beb5-8c9952cde77d,Cleanse Country Information,4,PORTUGAL,37,,8,3.7,5
307e5f75-dac2-493b-a5d8-1db279c070924,307e5f75-dac2-493b-a5d8-1db279c07092e9f4f016-8189-44c7-beb5-8c9952cde77d,Previous Run - 4,307e5f75-dac2-493b-a5d8-1db279c07092,Profile_CUSTOMER_DATA,e9f4f016-8189-44c7-beb5-8c9952cde77d,Cleanse Country Information,4,POLAND,33,,6,3.3,6
307e5f75-dac2-493b-a5d8-1db279c070924,307e5f75-dac2-493b-a5d8-1db279c07092e9f4f016-8189-44c7-beb5-8c9952cde77d,Previous Run - 4,307e5f75-dac2-493b-a5d8-1db279c07092,Profile_CUSTOMER_DATA,e9f4f016-8189-44c7-beb5-8c9952cde77d,Cleanse Country Information,4,FRANCE,24,,6,2.4,7
307e5f75-dac2-493b-a5d8-1db279c070924,307e5f75-dac2-493b-a5d8-1db279c07092e9f4f016-8189-44c7-beb5-8c9952cde77d,Previous Run - 4,307e5f75-dac2-493b-a5d8-1db279c07092,Profile_CUSTOMER_DATA,e9f4f016-8189-44c7-beb5-8c9952cde77d,Cleanse Country Information,4,SWEDEN,22,,6,2.2,8
307e5f75-dac2-493b-a5d8-1db279c070924,307e5f75-dac2-493b-a5d8-1db279c07092e9f4f016-8189-44c7-beb5-8c9952cde77d,Previous Run - 4,307e5f75-dac2-493b-a5d8-1db279c07092,Profile_CUSTOMER_DATA,e9f4f016-8189-44c7-beb5-8c9952cde77d,Cleanse Country Information,4,JAPAN,21,,5,2.1,9
307e5f75-dac2-493b-a5d8-1db279c070924,307e5f75-dac2-493b-a5d8-1db279c07092e9f4f016-8189-44c7-beb5-8c9952cde77d,Previous Run - 4,307e5f75-dac2-493b-a5d8-1db279c07092,Profile_CUSTOMER_DATA,e9f4f016-8189-44c7-beb5-8c9952cde77d,Cleanse Country Information,4,COLOMBIA,20,,8,2.0,10
307e5f75-dac2-493b-a5d8-1db279c070924,307e5f75-dac2-493b-a5d8-1db279c07092e9f4f016-8189-44c7-beb5-8c9952cde77d,Previous Run - 4,307e5f75-dac2-493b-a5d8-1db279c07092,Profile_CUSTOMER_DATA,e9f4f016-8189-44c7-beb5-8c9952cde77d,Cleanse Country Information,4,PERU,19,,4,1.9,11
307e5f75-dac2-493b-a5d8-1db279c070924,307e5f75-dac2-493b-a5d8-1db279c07092e9f4f016-8189-44c7-beb5-8c9952cde77d,Previous Run - 4,307e5f75-dac2-493b-a5d8-1db279c07092,Profile_CUSTOMER_DATA,e9f4f016-8189-44c7-beb5-8c9952cde77d,Cleanse Country Information,4,THAILAND,16,,8,1.6,12
307e5f75-dac2-493b-a5d8-1db279c070924,307e5f75-dac2-493b-a5d8-1db279c07092e9f4f016-8189-44c7-beb5-8c9952cde77d,Previous Run - 4,307e5f75-dac2-493b-a5d8-1db279c07092,Profile_CUSTOMER_DATA,e9f4f016-8189-44c7-beb5-8c9952cde77d,Cleanse Country Information,4,CZECH REPUBLIC,15,,14,1.5,13
307e5f75-dac2-493b-a5d8-1db279c070924,307e5f75-dac2-493b-a5d8-1db279c07092e9f4f016-8189-44c7-beb5-8c9952cde77d,Previous Run - 4,307e5f75-dac2-493b-a5d8-1db279c07092,Profile_CUSTOMER_DATA,e9f4f016-8189-44c7-beb5-8c9952cde77d,Cleanse Country Information,4,US,14,,2,1.4,14
307e5f75-dac2-493b-a5d8-1db279c070924,307e5f75-dac2-493b-a5d8-1db279c07092e9f4f016-8189-44c7-beb5-8c9952cde77d,Previous Run - 4,307e5f75-dac2-493b-a5d8-1db279c07092,Profile_CUSTOMER_DATA,e9f4f016-8189-44c7-beb5-8c9952cde77d,Cleanse Country Information,4,GREECE,13,,6,1.3,15
307e5f75-dac2-493b-a5d8-1db279c070924,307e5f75-dac2-493b-a5d8-1db279c07092e9f4f016-8189-44c7-beb5-8c9952cde77d,Previous Run - 4,307e5f75-dac2-493b-a5d8-1db279c07092,Profile_CUSTOMER_DATA,e9f4f016-8189-44c7-beb5-8c9952cde77d,Cleanse Country Information,4,UKRAINE,12,,7,1.2,16
307e5f75-dac2-493b-a5d8-1db279c070924,307e5f75-dac2-493b-a5d8-1db279c07092e9f4f016-8189-44c7-beb5-8c9952cde77d,Previous Run - 4,307e5f75-dac2-493b-a5d8-1db279c07092,Profile_CUSTOMER_DATA,e9f4f016-8189-44c7-beb5-8c9952cde77d,Cleanse Country Information,4,FINLAND,12,,7,1.2,17
307e5f75-dac2-493b-a5d8-1db279c070924,307e5f75-dac2-493b-a5d8-1db279c07092e9f4f016-8189-44c7-beb5-8c9952cde77d,Previous Run - 4,307e5f75-dac2-493b-a5d8-1db279c07092,Profile_CUSTOMER_DATA,e9f4f016-8189-44c7-beb5-8c9952cde77d,Cleanse Country Information,4,MEXICO,11,,6,1.1,18
307e5f75-dac2-493b-a5d8-1db279c070924,307e5f75-dac2-493b-a5d8-1db279c07092e9f4f016-8189-44c7-beb5-8c9952cde77d,Previous Run - 4,307e5f75-dac2-493b-a5d8-1db279c07092,Profile_CUSTOMER_DATA,e9f4f016-8189-44c7-beb5-8c9952cde77d,Cleanse Country Information,4,CANADA,10,,6,1.0,19
307e5f75-dac2-493b-a5d8-1db279c070923,307e5f75-dac2-493b-a5d8-1db279c07092e9f4f016-8189-44c7-beb5-8c9952cde77d,Previous Run - 5,307e5f75-dac2-493b-a5d8-1db279c07092,Profile_CUSTOMER_DATA,e9f4f016-8189-44c7-beb5-8c9952cde77d,Cleanse Country Information,3,CHINA,194,True,5,19.4,0
307e5f75-dac2-493b-a5d8-1db279c070923,307e5f75-dac2-493b-a5d8-1db279c07092e9f4f016-8189-44c7-beb5-8c9952cde77d,Previous Run - 5,307e5f75-dac2-493b-a5d8-1db279c07092,Profile_CUSTOMER_DATA,e9f4f016-8189-44c7-beb5-8c9952cde77d,Cleanse Country Information,3,INDONESIA,115,True,9,11.5,1
307e5f75-dac2-493b-a5d8-1db279c070923,307e5f75-dac2-493b-a5d8-1db279c07092e9f4f016-8189-44c7-beb5-8c9952cde77d,Previous Run - 5,307e5f75-dac2-493b-a5d8-1db279c07092,Profile_CUSTOMER_DATA,e9f4f016-8189-44c7-beb5-8c9952cde77d,Cleanse Country Information,3,RUSSIA,78,True,6,7.8,2
307e5f75-dac2-493b-a5d8-1db279c070923,307e5f75-dac2-493b-a5d8-1db279c07092e9f4f016-8189-44c7-beb5-8c9952cde77d,Previous Run - 5,307e5f75-dac2-493b-a5d8-1db279c07092,Profile_CUSTOMER_DATA,e9f4f016-8189-44c7-beb5-8c9952cde77d,Cleanse Country Information,3,PHILIPPINES,47,True,11,4.7,3
307e5f75-dac2-493b-a5d8-1db279c070923,307e5f75-dac2-493b-a5d8-1db279c07092e9f4f016-8189-44c7-beb5-8c9952cde77d,Previous Run - 5,307e5f75-dac2-493b-a5d8-1db279c07092,Profile_CUSTOMER_DATA,e9f4f016-8189-44c7-beb5-8c9952cde77d,Cleanse Country Information,3,BRAZIL,43,True,6,4.3,4
307e5f75-dac2-493b-a5d8-1db279c070923,307e5f75-dac2-493b-a5d8-1db279c07092e9f4f016-8189-44c7-beb5-8c9952cde77d,Previous Run - 5,307e5f75-dac2-493b-a5d8-1db279c07092,Profile_CUSTOMER_DATA,e9f4f016-8189-44c7-beb5-8c9952cde77d,Cleanse Country Information,3,PORTUGAL,37,,8,3.7,5
307e5f75-dac2-493b-a5d8-1db279c070923,307e5f75-dac2-493b-a5d8-1db279c07092e9f4f016-8189-44c7-beb5-8c9952cde77d,Previous Run - 5,307e5f75-dac2-493b-a5d8-1db279c07092,Profile_CUSTOMER_DATA,e9f4f016-8189-44c7-beb5-8c9952cde77d,Cleanse Country Information,3,POLAND,33,,6,3.3,6
307e5f75-dac2-493b-a5d8-1db279c070923,307e5f75-dac2-493b-a5d8-1db279c07092e9f4f016-8189-44c7-beb5-8c9952cde77d,Previous Run - 5,307e5f75-dac2-493b-a5d8-1db279c07092,Profile_CUSTOMER_DATA,e9f4f016-8189-44c7-beb5-8c9952cde77d,Cleanse Country Information,3,FRANCE,24,,6,2.4,7
307e5f75-dac2-493b-a5d8-1db279c070923,307e5f75-dac2-493b-a5d8-1db279c07092e9f4f016-8189-44c7-beb5-8c9952cde77d,Previous Run - 5,307e5f75-dac2-493b-a5d8-1db279c07092,Profile_CUSTOMER_DATA,e9f4f016-8189-44c7-beb5-8c9952cde77d,Cleanse Country Information,3,SWEDEN,22,,6,2.2,8
307e5f75-dac2-493b-a5d8-1db279c070923,307e5f75-dac2-493b-a5d8-1db279c07092e9f4f016-8189-44c7-beb5-8c9952cde77d,Previous Run - 5,307e5f75-dac2-493b-a5d8-1db279c07092,Profile_CUSTOMER_DATA,e9f4f016-8189-44c7-beb5-8c9952cde77d,Cleanse Country Information,3,JAPAN,21,,5,2.1,9
307e5f75-dac2-493b-a5d8-1db279c070923,307e5f75-dac2-493b-a5d8-1db279c07092e9f4f016-8189-44c7-beb5-8c9952cde77d,Previous Run - 5,307e5f75-dac2-493b-a5d8-1db279c07092,Profile_CUSTOMER_DATA,e9f4f016-8189-44c7-beb5-8c9952cde77d,Cleanse Country Information,3,COLOMBIA,20,,8,2.0,10
307e5f75-dac2-493b-a5d8-1db279c070923,307e5f75-dac2-493b-a5d8-1db279c07092e9f4f016-8189-44c7-beb5-8c9952cde77d,Previous Run - 5,307e5f75-dac2-493b-a5d8-1db279c07092,Profile_CUSTOMER_DATA,e9f4f016-8189-44c7-beb5-8c9952cde77d,Cleanse Country Information,3,PERU,19,,4,1.9,11
307e5f75-dac2-493b-a5d8-1db279c070923,307e5f75-dac2-493b-a5d8-1db279c07092e9f4f016-8189-44c7-beb5-8c9952cde77d,Previous Run - 5,307e5f75-dac2-493b-a5d8-1db279c07092,Profile_CUSTOMER_DATA,e9f4f016-8189-44c7-beb5-8c9952cde77d,Cleanse Country Information,3,THAILAND,16,,8,1.6,12
307e5f75-dac2-493b-a5d8-1db279c070923,307e5f75-dac2-493b-a5d8-1db279c07092e9f4f016-8189-44c7-beb5-8c9952cde77d,Previous Run - 5,307e5f75-dac2-493b-a5d8-1db279c07092,Profile_CUSTOMER_DATA,e9f4f016-8189-44c7-beb5-8c9952cde77d,Cleanse Country Information,3,CZECH REPUBLIC,15,,14,1.5,13
307e5f75-dac2-493b-a5d8-1db279c070923,307e5f75-dac2-493b-a5d8-1db279c07092e9f4f016-8189-44c7-beb5-8c9952cde77d,Previous Run - 5,307e5f75-dac2-493b-a5d8-1db279c07092,Profile_CUSTOMER_DATA,e9f4f016-8189-44c7-beb5-8c9952cde77d,Cleanse Country Information,3,INVALID,14,,7,1.4,14
307e5f75-dac2-493b-a5d8-1db279c070923,307e5f75-dac2-493b-a5d8-1db279c07092e9f4f016-8189-44c7-beb5-8c9952cde77d,Previous Run - 5,307e5f75-dac2-493b-a5d8-1db279c07092,Profile_CUSTOMER_DATA,e9f4f016-8189-44c7-beb5-8c9952cde77d,Cleanse Country Information,3,GREECE,13,,6,1.3,15
307e5f75-dac2-493b-a5d8-1db279c070923,307e5f75-dac2-493b-a5d8-1db279c07092e9f4f016-8189-44c7-beb5-8c9952cde77d,Previous Run - 5,307e5f75-dac2-493b-a5d8-1db279c07092,Profile_CUSTOMER_DATA,e9f4f016-8189-44c7-beb5-8c9952cde77d,Cleanse Country Information,3,UKRAINE,12,,7,1.2,16
307e5f75-dac2-493b-a5d8-1db279c070923,307e5f75-dac2-493b-a5d8-1db279c07092e9f4f016-8189-44c7-beb5-8c9952cde77d,Previous Run - 5,307e5f75-dac2-493b-a5d8-1db279c07092,Profile_CUSTOMER_DATA,e9f4f016-8189-44c7-beb5-8c9952cde77d,Cleanse Country Information,3,FINLAND,12,,7,1.2,17
307e5f75-dac2-493b-a5d8-1db279c070923,307e5f75-dac2-493b-a5d8-1db279c07092e9f4f016-8189-44c7-beb5-8c9952cde77d,Previous Run - 5,307e5f75-dac2-493b-a5d8-1db279c07092,Profile_CUSTOMER_DATA,e9f4f016-8189-44c7-beb5-8c9952cde77d,Cleanse Country Information,3,MEXICO,11,,6,1.1,18
307e5f75-dac2-493b-a5d8-1db279c070923,307e5f75-dac2-493b-a5d8-1db279c07092e9f4f016-8189-44c7-beb5-8c9952cde77d,Previous Run - 5,307e5f75-dac2-493b-a5d8-1db279c07092,Profile_CUSTOMER_DATA,e9f4f016-8189-44c7-beb5-8c9952cde77d,Cleanse Country Information,3,CANADA,10,,6,1.0,19
5b787ebc-23d3-4bd8-9733-18d120465e828,5b787ebc-23d3-4bd8-9733-18d120465e8218605c73-800f-4c70-a712-d097317ab2c0,Latest Run,5b787ebc-23d3-4bd8-9733-18d120465e82,Profile_SUPPLIER,18605c73-800f-4c70-a712-d097317ab2c0,Country_Check,8,US,50,,2,50.50505,0
5b787ebc-23d3-4bd8-9733-18d120465e828,5b787ebc-23d3-4bd8-9733-18d120465e8218605c73-800f-4c70-a712-d097317ab2c0,Latest Run,5b787ebc-23d3-4bd8-9733-18d120465e82,Profile_SUPPLIER,18605c73-800f-4c70-a712-d097317ab2c0,Country_Check,8,OTHER,49,,5,49.49495,1
5b787ebc-23d3-4bd8-9733-18d120465e828,5b787ebc-23d3-4bd8-9733-18d120465e82b1b8fb5a-49d1-4527-a969-21aecf7b67c3,Latest Run,5b787ebc-23d3-4bd8-9733-18d120465e82,Profile_SUPPLIER,b1b8fb5a-49d1-4527-a969-21aecf7b67c3,SSN_Conformity_Check,8,N/A,49,,3,49.49495,0
5b787ebc-23d3-4bd8-9733-18d120465e828,5b787ebc-23d3-4bd8-9733-18d120465e82b1b8fb5a-49d1-4527-a969-21aecf7b67c3,Latest Run,5b787ebc-23d3-4bd8-9733-18d120465e82,Profile_SUPPLIER,b1b8fb5a-49d1-4527-a969-21aecf7b67c3,SSN_Conformity_Check,8,VALID,29,,5,29.29293,1
5b787ebc-23d3-4bd8-9733-18d120465e828,5b787ebc-23d3-4bd8-9733-18d120465e82b1b8fb5a-49d1-4527-a969-21aecf7b67c3,Latest Run,5b787ebc-23d3-4bd8-9733-18d120465e82,Profile_SUPPLIER,b1b8fb5a-49d1-4527-a969-21aecf7b67c3,SSN_Conformity_Check,8,INVALID,21,,7,21.21212,2
5b787ebc-23d3-4bd8-9733-18d120465e828,5b787ebc-23d3-4bd8-9733-18d120465e823e2806db-2233-4ba5-a746-9218b9d68b57,Latest Run,5b787ebc-23d3-4bd8-9733-18d120465e82,Profile_SUPPLIER,3e2806db-2233-4ba5-a746-9218b9d68b57,Phone_Conformity_Check,8,VALID,76,,5,76.76768,0
5b787ebc-23d3-4bd8-9733-18d120465e828,5b787ebc-23d3-4bd8-9733-18d120465e823e2806db-2233-4ba5-a746-9218b9d68b57,Latest Run,5b787ebc-23d3-4bd8-9733-18d120465e82,Profile_SUPPLIER,3e2806db-2233-4ba5-a746-9218b9d68b57,Phone_Conformity_Check,8,INVALID,23,,7,23.23232,1
5b787ebc-23d3-4bd8-9733-18d120465e828,5b787ebc-23d3-4bd8-9733-18d120465e82b512e2be-8abd-4ad9-892f-afb3aff2437e,Latest Run,5b787ebc-23d3-4bd8-9733-18d120465e82,Profile_SUPPLIER,b512e2be-8abd-4ad9-892f-afb3aff2437e,Country_Validity_Check,8,VALID,63,,5,63.63636,0
5b787ebc-23d3-4bd8-9733-18d120465e828,5b787ebc-23d3-4bd8-9733-18d120465e82b512e2be-8abd-4ad9-892f-afb3aff2437e,Latest Run,5b787ebc-23d3-4bd8-9733-18d120465e82,Profile_SUPPLIER,b512e2be-8abd-4ad9-892f-afb3aff2437e,Country_Validity_Check,8,INVALID,36,,7,36.36364,1
5b787ebc-23d3-4bd8-9733-18d120465e828,5b787ebc-23d3-4bd8-9733-18d120465e82245e2982-d405-4514-95be-2c49da5081c6,Latest Run,5b787ebc-23d3-4bd8-9733-18d120465e82,Profile_SUPPLIER,245e2982-d405-4514-95be-2c49da5081c6,Overflow,8,,99,,,100.0,0
5b787ebc-23d3-4bd8-9733-18d120465e828,5b787ebc-23d3-4bd8-9733-18d120465e8279825ea3-4df5-48d9-a484-48c48eec8578,Latest Run,5b787ebc-23d3-4bd8-9733-18d120465e82,Profile_SUPPLIER,79825ea3-4df5-48d9-a484-48c48eec8578,Parsed_Email,8,,25,True,,25.25253,0
5b787ebc-23d3-4bd8-9733-18d120465e828,5b787ebc-23d3-4bd8-9733-18d120465e8279825ea3-4df5-48d9-a484-48c48eec8578,Latest Run,5b787ebc-23d3-4bd8-9733-18d120465e82,Profile_SUPPLIER,79825ea3-4df5-48d9-a484-48c48eec8578,Parsed_Email,8,czannellie@mozilla.com,1,,22.0,1.0101,1
5b787ebc-23d3-4bd8-9733-18d120465e828,5b787ebc-23d3-4bd8-9733-18d120465e8279825ea3-4df5-48d9-a484-48c48eec8578,Latest Run,5b787ebc-23d3-4bd8-9733-18d120465e82,Profile_SUPPLIER,79825ea3-4df5-48d9-a484-48c48eec8578,Parsed_Email,8,dmerrgenr@bing.com,1,,18.0,1.0101,2
5b787ebc-23d3-4bd8-9733-18d120465e828,5b787ebc-23d3-4bd8-9733-18d120465e8279825ea3-4df5-48d9-a484-48c48eec8578,Latest Run,5b787ebc-23d3-4bd8-9733-18d120465e82,Profile_SUPPLIER,79825ea3-4df5-48d9-a484-48c48eec8578,Parsed_Email,8,cilive14@ocn.ne.jp,1,,18.0,1.0101,3
5b787ebc-23d3-4bd8-9733-18d120465e828,5b787ebc-23d3-4bd8-9733-18d120465e8279825ea3-4df5-48d9-a484-48c48eec8578,Latest Run,5b787ebc-23d3-4bd8-9733-18d120465e82,Profile_SUPPLIER,79825ea3-4df5-48d9-a484-48c48eec8578,Parsed_Email,8,bajsiki@craigslist.org,1,,22.0,1.0101,4
5b787ebc-23d3-4bd8-9733-18d120465e828,5b787ebc-23d3-4bd8-9733-18d120465e8279825ea3-4df5-48d9-a484-48c48eec8578,Latest Run,5b787ebc-23d3-4bd8-9733-18d120465e82,Profile_SUPPLIER,79825ea3-4df5-48d9-a484-48c48eec8578,Parsed_Email,8,gfrew15@taobao.com,1,,18.0,1.0101,5
5b787ebc-23d3-4bd8-9733-18d120465e828,5b787ebc-23d3-4bd8-9733-18d120465e8279825ea3-4df5-48d9-a484-48c48eec8578,Latest Run,5b787ebc-23d3-4bd8-9733-18d120465e82,Profile_SUPPLIER,79825ea3-4df5-48d9-a484-48c48eec8578,Parsed_Email,8,sgaudonk@canalblog.com,1,,22.0,1.0101,6
5b787ebc-23d3-4bd8-9733-18d120465e828,5b787ebc-23d3-4bd8-9733-18d120465e8279825ea3-4df5-48d9-a484-48c48eec8578,Latest Run,5b787ebc-23d3-4bd8-9733-18d120465e82,Profile_SUPPLIER,79825ea3-4df5-48d9-a484-48c48eec8578,Parsed_Email,8,djozsa19@blog.com,1,,17.0,1.0101,7
5b787ebc-23d3-4bd8-9733-18d120465e828,5b787ebc-23d3-4bd8-9733-18d120465e8279825ea3-4df5-48d9-a484-48c48eec8578,Latest Run,5b787ebc-23d3-4bd8-9733-18d120465e82,Profile_SUPPLIER,79825ea3-4df5-48d9-a484-48c48eec8578,Parsed_Email,8,ithorneywork1c@pagesperso-orange.fr,1,,35.0,1.0101,8
5b787ebc-23d3-4bd8-9733-18d120465e828,5b787ebc-23d3-4bd8-9733-18d120465e8279825ea3-4df5-48d9-a484-48c48eec8578,Latest Run,5b787ebc-23d3-4bd8-9733-18d120465e82,Profile_SUPPLIER,79825ea3-4df5-48d9-a484-48c48eec8578,Parsed_Email,8,lmacdearmidz@vistaprint.com,1,,27.0,1.0101,9
5b787ebc-23d3-4bd8-9733-18d120465e828,5b787ebc-23d3-4bd8-9733-18d120465e8279825ea3-4df5-48d9-a484-48c48eec8578,Latest Run,5b787ebc-23d3-4bd8-9733-18d120465e82,Profile_SUPPLIER,79825ea3-4df5-48d9-a484-48c48eec8578,Parsed_Email,8,agoldenofireland8@opensource.org,1,,32.0,1.0101,10
5b787ebc-23d3-4bd8-9733-18d120465e828,5b787ebc-23d3-4bd8-9733-18d120465e8279825ea3-4df5-48d9-a484-48c48eec8578,Latest Run,5b787ebc-23d3-4bd8-9733-18d120465e82,Profile_SUPPLIER,79825ea3-4df5-48d9-a484-48c48eec8578,Parsed_Email,8,zpadmoren@bloomberg.com,1,,23.0,1.0101,11
5b787ebc-23d3-4bd8-9733-18d120465e828,5b787ebc-23d3-4bd8-9733-18d120465e8279825ea3-4df5-48d9-a484-48c48eec8578,Latest Run,5b787ebc-23d3-4bd8-9733-18d120465e82,Profile_SUPPLIER,79825ea3-4df5-48d9-a484-48c48eec8578,Parsed_Email,8,dgatesmanm@unc.edu,1,,18.0,1.0101,12
5b787ebc-23d3-4bd8-9733-18d120465e828,5b787ebc-23d3-4bd8-9733-18d120465e8279825ea3-4df5-48d9-a484-48c48eec8578,Latest Run,5b787ebc-23d3-4bd8-9733-18d120465e82,Profile_SUPPLIER,79825ea3-4df5-48d9-a484-48c48eec8578,Parsed_Email,8,kskittrellh@goo.gl,1,,18.0,1.0101,13
5b787ebc-23d3-4bd8-9733-18d120465e828,5b787ebc-23d3-4bd8-9733-18d120465e8279825ea3-4df5-48d9-a484-48c48eec8578,Latest Run,5b787ebc-23d3-4bd8-9733-18d120465e82,Profile_SUPPLIER,79825ea3-4df5-48d9-a484-48c48eec8578,Parsed_Email,8,mtireman11@geocities.jp,1,,23.0,1.0101,14
5b787ebc-23d3-4bd8-9733-18d120465e828,5b787ebc-23d3-4bd8-9733-18d120465e8279825ea3-4df5-48d9-a484-48c48eec8578,Latest Run,5b787ebc-23d3-4bd8-9733-18d120465e82,Profile_SUPPLIER,79825ea3-4df5-48d9-a484-48c48eec8578,Parsed_Email,8,mvelti17@adobe.com,1,,18.0,1.0101,15
5b787ebc-23d3-4bd8-9733-18d120465e828,5b787ebc-23d3-4bd8-9733-18d120465e8279825ea3-4df5-48d9-a484-48c48eec8578,Latest Run,5b787ebc-23d3-4bd8-9733-18d120465e82,Profile_SUPPLIER,79825ea3-4df5-48d9-a484-48c48eec8578,Parsed_Email,8,dfauloj@tamu.edu,1,,16.0,1.0101,16
5b787ebc-23d3-4bd8-9733-18d120465e828,5b787ebc-23d3-4bd8-9733-18d120465e8279825ea3-4df5-48d9-a484-48c48eec8578,Latest Run,5b787ebc-23d3-4bd8-9733-18d120465e82,Profile_SUPPLIER,79825ea3-4df5-48d9-a484-48c48eec8578,Parsed_Email,8,dbirkenshawe@histats.com,1,,24.0,1.0101,17
5b787ebc-23d3-4bd8-9733-18d120465e828,5b787ebc-23d3-4bd8-9733-18d120465e8279825ea3-4df5-48d9-a484-48c48eec8578,Latest Run,5b787ebc-23d3-4bd8-9733-18d120465e82,Profile_SUPPLIER,79825ea3-4df5-48d9-a484-48c48eec8578,Parsed_Email,8,dbellordd@github.io,1,,19.0,1.0101,18
5b787ebc-23d3-4bd8-9733-18d120465e828,5b787ebc-23d3-4bd8-9733-18d120465e8279825ea3-4df5-48d9-a484-48c48eec8578,Latest Run,5b787ebc-23d3-4bd8-9733-18d120465e82,Profile_SUPPLIER,79825ea3-4df5-48d9-a484-48c48eec8578,Parsed_Email,8,acopings@plala.or.jp,1,,20.0,1.0101,19
5b787ebc-23d3-4bd8-9733-18d120465e828,5b787ebc-23d3-4bd8-9733-18d120465e82ae0df5a3-fd74-4400-8e0e-63f2dc17286b,Latest Run,5b787ebc-23d3-4bd8-9733-18d120465e82,Profile_SUPPLIER,ae0df5a3-fd74-4400-8e0e-63f2dc17286b,Unparsed,8,,91,True,,91.91919,0
5b787ebc-23d3-4bd8-9733-18d120465e828,5b787ebc-23d3-4bd8-9733-18d120465e82ae0df5a3-fd74-4400-8e0e-63f2dc17286b,Latest Run,5b787ebc-23d3-4bd8-9733-18d120465e82,Profile_SUPPLIER,ae0df5a3-fd74-4400-8e0e-63f2dc17286b,Unparsed,8,lleylandc@,1,,10.0,1.0101,1
5b787ebc-23d3-4bd8-9733-18d120465e828,5b787ebc-23d3-4bd8-9733-18d120465e82ae0df5a3-fd74-4400-8e0e-63f2dc17286b,Latest Run,5b787ebc-23d3-4bd8-9733-18d120465e82,Profile_SUPPLIER,ae0df5a3-fd74-4400-8e0e-63f2dc17286b,Unparsed,8,dgrimmc,1,,7.0,1.0101,2
5b787ebc-23d3-4bd8-9733-18d120465e828,5b787ebc-23d3-4bd8-9733-18d120465e82ae0df5a3-fd74-4400-8e0e-63f2dc17286b,Latest Run,5b787ebc-23d3-4bd8-9733-18d120465e82,Profile_SUPPLIER,ae0df5a3-fd74-4400-8e0e-63f2dc17286b,Unparsed,8,llaybourne9@google,1,,18.0,1.0101,3
5b787ebc-23d3-4bd8-9733-18d120465e828,5b787ebc-23d3-4bd8-9733-18d120465e82ae0df5a3-fd74-4400-8e0e-63f2dc17286b,Latest Run,5b787ebc-23d3-4bd8-9733-18d120465e82,Profile_SUPPLIER,ae0df5a3-fd74-4400-8e0e-63f2dc17286b,Unparsed,8,mmccoryd,1,,8.0,1.0101,4
5b787ebc-23d3-4bd8-9733-18d120465e828,5b787ebc-23d3-4bd8-9733-18d120465e82ae0df5a3-fd74-4400-8e0e-63f2dc17286b,Latest Run,5b787ebc-23d3-4bd8-9733-18d120465e82,Profile_SUPPLIER,ae0df5a3-fd74-4400-8e0e-63f2dc17286b,Unparsed,8,iebralla@lycos,1,,14.0,1.0101,5
5b787ebc-23d3-4bd8-9733-18d120465e828,5b787ebc-23d3-4bd8-9733-18d120465e82ae0df5a3-fd74-4400-8e0e-63f2dc17286b,Latest Run,5b787ebc-23d3-4bd8-9733-18d120465e82,Profile_SUPPLIER,ae0df5a3-fd74-4400-8e0e-63f2dc17286b,Unparsed,8,khavilea,1,,8.0,1.0101,6
5b787ebc-23d3-4bd8-9733-18d120465e828,5b787ebc-23d3-4bd8-9733-18d120465e82ae0df5a3-fd74-4400-8e0e-63f2dc17286b,Latest Run,5b787ebc-23d3-4bd8-9733-18d120465e82,Profile_SUPPLIER,ae0df5a3-fd74-4400-8e0e-63f2dc17286b,Unparsed,8,coshesnanb@,1,,11.0,1.0101,7
5b787ebc-23d3-4bd8-9733-18d120465e828,5b787ebc-23d3-4bd8-9733-18d120465e82ae0df5a3-fd74-4400-8e0e-63f2dc17286b,Latest Run,5b787ebc-23d3-4bd8-9733-18d120465e82,Profile_SUPPLIER,ae0df5a3-fd74-4400-8e0e-63f2dc17286b,Unparsed,8,tgowlerb@ebay,1,,13.0,1.0101,8
5b787ebc-23d3-4bd8-9733-18d120465e827,5b787ebc-23d3-4bd8-9733-18d120465e8218605c73-800f-4c70-a712-d097317ab2c0,Previous Run,5b787ebc-23d3-4bd8-9733-18d120465e82,Profile_SUPPLIER,18605c73-800f-4c70-a712-d097317ab2c0,Country_Check,7,US,50,,2,50.50505,0
5b787ebc-23d3-4bd8-9733-18d120465e827,5b787ebc-23d3-4bd8-9733-18d120465e8218605c73-800f-4c70-a712-d097317ab2c0,Previous Run,5b787ebc-23d3-4bd8-9733-18d120465e82,Profile_SUPPLIER,18605c73-800f-4c70-a712-d097317ab2c0,Country_Check,7,OTHER,49,,5,49.49495,1
5b787ebc-23d3-4bd8-9733-18d120465e827,5b787ebc-23d3-4bd8-9733-18d120465e82b1b8fb5a-49d1-4527-a969-21aecf7b67c3,Previous Run,5b787ebc-23d3-4bd8-9733-18d120465e82,Profile_SUPPLIER,b1b8fb5a-49d1-4527-a969-21aecf7b67c3,SSN_Conformity_Check,7,N/A,49,,3,49.49495,0
5b787ebc-23d3-4bd8-9733-18d120465e827,5b787ebc-23d3-4bd8-9733-18d120465e82b1b8fb5a-49d1-4527-a969-21aecf7b67c3,Previous Run,5b787ebc-23d3-4bd8-9733-18d120465e82,Profile_SUPPLIER,b1b8fb5a-49d1-4527-a969-21aecf7b67c3,SSN_Conformity_Check,7,VALID,29,,5,29.29293,1
5b787ebc-23d3-4bd8-9733-18d120465e827,5b787ebc-23d3-4bd8-9733-18d120465e82b1b8fb5a-49d1-4527-a969-21aecf7b67c3,Previous Run,5b787ebc-23d3-4bd8-9733-18d120465e82,Profile_SUPPLIER,b1b8fb5a-49d1-4527-a969-21aecf7b67c3,SSN_Conformity_Check,7,INVALID,21,,7,21.21212,2
5b787ebc-23d3-4bd8-9733-18d120465e827,5b787ebc-23d3-4bd8-9733-18d120465e823e2806db-2233-4ba5-a746-9218b9d68b57,Previous Run,5b787ebc-23d3-4bd8-9733-18d120465e82,Profile_SUPPLIER,3e2806db-2233-4ba5-a746-9218b9d68b57,Phone_Conformity_Check,7,VALID,76,,5,76.76768,0
5b787ebc-23d3-4bd8-9733-18d120465e827,5b787ebc-23d3-4bd8-9733-18d120465e823e2806db-2233-4ba5-a746-9218b9d68b57,Previous Run,5b787ebc-23d3-4bd8-9733-18d120465e82,Profile_SUPPLIER,3e2806db-2233-4ba5-a746-9218b9d68b57,Phone_Conformity_Check,7,INVALID,23,,7,23.23232,1
5b787ebc-23d3-4bd8-9733-18d120465e827,5b787ebc-23d3-4bd8-9733-18d120465e82b512e2be-8abd-4ad9-892f-afb3aff2437e,Previous Run,5b787ebc-23d3-4bd8-9733-18d120465e82,Profile_SUPPLIER,b512e2be-8abd-4ad9-892f-afb3aff2437e,Country_Validity_Check,7,VALID,63,,5,63.63636,0
5b787ebc-23d3-4bd8-9733-18d120465e827,5b787ebc-23d3-4bd8-9733-18d120465e82b512e2be-8abd-4ad9-892f-afb3aff2437e,Previous Run,5b787ebc-23d3-4bd8-9733-18d120465e82,Profile_SUPPLIER,b512e2be-8abd-4ad9-892f-afb3aff2437e,Country_Validity_Check,7,INVALID,36,,7,36.36364,1
5b787ebc-23d3-4bd8-9733-18d120465e827,5b787ebc-23d3-4bd8-9733-18d120465e82245e2982-d405-4514-95be-2c49da5081c6,Previous Run,5b787ebc-23d3-4bd8-9733-18d120465e82,Profile_SUPPLIER,245e2982-d405-4514-95be-2c49da5081c6,Overflow,7,,99,,,100.0,0
5b787ebc-23d3-4bd8-9733-18d120465e827,5b787ebc-23d3-4bd8-9733-18d120465e8279825ea3-4df5-48d9-a484-48c48eec8578,Previous Run,5b787ebc-23d3-4bd8-9733-18d120465e82,Profile_SUPPLIER,79825ea3-4df5-48d9-a484-48c48eec8578,Parsed_Email,7,,25,True,,25.25253,0
5b787ebc-23d3-4bd8-9733-18d120465e827,5b787ebc-23d3-4bd8-9733-18d120465e8279825ea3-4df5-48d9-a484-48c48eec8578,Previous Run,5b787ebc-23d3-4bd8-9733-18d120465e82,Profile_SUPPLIER,79825ea3-4df5-48d9-a484-48c48eec8578,Parsed_Email,7,flankhamk@i2i.jp,1,,16.0,1.0101,1
5b787ebc-23d3-4bd8-9733-18d120465e827,5b787ebc-23d3-4bd8-9733-18d120465e8279825ea3-4df5-48d9-a484-48c48eec8578,Previous Run,5b787ebc-23d3-4bd8-9733-18d120465e82,Profile_SUPPLIER,79825ea3-4df5-48d9-a484-48c48eec8578,Parsed_Email,7,jspeachleyo@theatlantic.com,1,,27.0,1.0101,2
5b787ebc-23d3-4bd8-9733-18d120465e827,5b787ebc-23d3-4bd8-9733-18d120465e8279825ea3-4df5-48d9-a484-48c48eec8578,Previous Run,5b787ebc-23d3-4bd8-9733-18d120465e82,Profile_SUPPLIER,79825ea3-4df5-48d9-a484-48c48eec8578,Parsed_Email,7,cdayley13@cocolog-nifty.com,1,,27.0,1.0101,3
5b787ebc-23d3-4bd8-9733-18d120465e827,5b787ebc-23d3-4bd8-9733-18d120465e8279825ea3-4df5-48d9-a484-48c48eec8578,Previous Run,5b787ebc-23d3-4bd8-9733-18d120465e82,Profile_SUPPLIER,79825ea3-4df5-48d9-a484-48c48eec8578,Parsed_Email,7,gfrew15@taobao.com,1,,18.0,1.0101,4
5b787ebc-23d3-4bd8-9733-18d120465e827,5b787ebc-23d3-4bd8-9733-18d120465e8279825ea3-4df5-48d9-a484-48c48eec8578,Previous Run,5b787ebc-23d3-4bd8-9733-18d120465e82,Profile_SUPPLIER,79825ea3-4df5-48d9-a484-48c48eec8578,Parsed_Email,7,rrosellv@blogs.com,1,,18.0,1.0101,5
5b787ebc-23d3-4bd8-9733-18d120465e827,5b787ebc-23d3-4bd8-9733-18d120465e8279825ea3-4df5-48d9-a484-48c48eec8578,Previous Run,5b787ebc-23d3-4bd8-9733-18d120465e82,Profile_SUPPLIER,79825ea3-4df5-48d9-a484-48c48eec8578,Parsed_Email,7,mvelti17@adobe.com,1,,18.0,1.0101,6
5b787ebc-23d3-4bd8-9733-18d120465e827,5b787ebc-23d3-4bd8-9733-18d120465e8279825ea3-4df5-48d9-a484-48c48eec8578,Previous Run,5b787ebc-23d3-4bd8-9733-18d120465e82,Profile_SUPPLIER,79825ea3-4df5-48d9-a484-48c48eec8578,Parsed_Email,7,pallcott1b@wp.com,1,,17.0,1.0101,7
5b787ebc-23d3-4bd8-9733-18d120465e827,5b787ebc-23d3-4bd8-9733-18d120465e8279825ea3-4df5-48d9-a484-48c48eec8578,Previous Run,5b787ebc-23d3-4bd8-9733-18d120465e82,Profile_SUPPLIER,79825ea3-4df5-48d9-a484-48c48eec8578,Parsed_Email,7,hlawss@kickstarter.com,1,,22.0,1.0101,8
5b787ebc-23d3-4bd8-9733-18d120465e827,5b787ebc-23d3-4bd8-9733-18d120465e8279825ea3-4df5-48d9-a484-48c48eec8578,Previous Run,5b787ebc-23d3-4bd8-9733-18d120465e82,Profile_SUPPLIER,79825ea3-4df5-48d9-a484-48c48eec8578,Parsed_Email,7,dfauloj@tamu.edu,1,,16.0,1.0101,9
5b787ebc-23d3-4bd8-9733-18d120465e827,5b787ebc-23d3-4bd8-9733-18d120465e8279825ea3-4df5-48d9-a484-48c48eec8578,Previous Run,5b787ebc-23d3-4bd8-9733-18d120465e82,Profile_SUPPLIER,79825ea3-4df5-48d9-a484-48c48eec8578,Parsed_Email,7,alevane12@webeden.co.uk,1,,23.0,1.0101,10
5b787ebc-23d3-4bd8-9733-18d120465e827,5b787ebc-23d3-4bd8-9733-18d120465e8279825ea3-4df5-48d9-a484-48c48eec8578,Previous Run,5b787ebc-23d3-4bd8-9733-18d120465e82,Profile_SUPPLIER,79825ea3-4df5-48d9-a484-48c48eec8578,Parsed_Email,7,smathesonj@cyberchimps.com,1,,26.0,1.0101,11
5b787ebc-23d3-4bd8-9733-18d120465e827,5b787ebc-23d3-4bd8-9733-18d120465e8279825ea3-4df5-48d9-a484-48c48eec8578,Previous Run,5b787ebc-23d3-4bd8-9733-18d120465e82,Profile_SUPPLIER,79825ea3-4df5-48d9-a484-48c48eec8578,Parsed_Email,7,lirnys17@linkedin.com,1,,21.0,1.0101,12
5b787ebc-23d3-4bd8-9733-18d120465e827,5b787ebc-23d3-4bd8-9733-18d120465e8279825ea3-4df5-48d9-a484-48c48eec8578,Previous Run,5b787ebc-23d3-4bd8-9733-18d120465e82,Profile_SUPPLIER,79825ea3-4df5-48d9-a484-48c48eec8578,Parsed_Email,7,cfluryi@eventbrite.com,1,,22.0,1.0101,13
5b787ebc-23d3-4bd8-9733-18d120465e827,5b787ebc-23d3-4bd8-9733-18d120465e8279825ea3-4df5-48d9-a484-48c48eec8578,Previous Run,5b787ebc-23d3-4bd8-9733-18d120465e82,Profile_SUPPLIER,79825ea3-4df5-48d9-a484-48c48eec8578,Parsed_Email,7,rclothier10@newsvine.com,1,,24.0,1.0101,14
5b787ebc-23d3-4bd8-9733-18d120465e827,5b787ebc-23d3-4bd8-9733-18d120465e8279825ea3-4df5-48d9-a484-48c48eec8578,Previous Run,5b787ebc-23d3-4bd8-9733-18d120465e82,Profile_SUPPLIER,79825ea3-4df5-48d9-a484-48c48eec8578,Parsed_Email,7,fcromerl@wp.com,1,,15.0,1.0101,15
5b787ebc-23d3-4bd8-9733-18d120465e827,5b787ebc-23d3-4bd8-9733-18d120465e8279825ea3-4df5-48d9-a484-48c48eec8578,Previous Run,5b787ebc-23d3-4bd8-9733-18d120465e82,Profile_SUPPLIER,79825ea3-4df5-48d9-a484-48c48eec8578,Parsed_Email,7,bdutnallr@uol.com.br,1,,20.0,1.0101,16
5b787ebc-23d3-4bd8-9733-18d120465e827,5b787ebc-23d3-4bd8-9733-18d120465e8279825ea3-4df5-48d9-a484-48c48eec8578,Previous Run,5b787ebc-23d3-4bd8-9733-18d120465e82,Profile_SUPPLIER,79825ea3-4df5-48d9-a484-48c48eec8578,Parsed_Email,7,fstogglesx@tiny.cc,1,,18.0,1.0101,17
5b787ebc-23d3-4bd8-9733-18d120465e827,5b787ebc-23d3-4bd8-9733-18d120465e8279825ea3-4df5-48d9-a484-48c48eec8578,Previous Run,5b787ebc-23d3-4bd8-9733-18d120465e82,Profile_SUPPLIER,79825ea3-4df5-48d9-a484-48c48eec8578,Parsed_Email,7,jhargreavesz@icio.us,1,,20.0,1.0101,18
5b787ebc-23d3-4bd8-9733-18d120465e827,5b787ebc-23d3-4bd8-9733-18d120465e8279825ea3-4df5-48d9-a484-48c48eec8578,Previous Run,5b787ebc-23d3-4bd8-9733-18d120465e82,Profile_SUPPLIER,79825ea3-4df5-48d9-a484-48c48eec8578,Parsed_Email,7,agoldenofireland8@opensource.org,1,,32.0,1.0101,19
5b787ebc-23d3-4bd8-9733-18d120465e827,5b787ebc-23d3-4bd8-9733-18d120465e82ae0df5a3-fd74-4400-8e0e-63f2dc17286b,Previous Run,5b787ebc-23d3-4bd8-9733-18d120465e82,Profile_SUPPLIER,ae0df5a3-fd74-4400-8e0e-63f2dc17286b,Unparsed,7,,91,True,,91.91919,0
5b787ebc-23d3-4bd8-9733-18d120465e827,5b787ebc-23d3-4bd8-9733-18d120465e82ae0df5a3-fd74-4400-8e0e-63f2dc17286b,Previous Run,5b787ebc-23d3-4bd8-9733-18d120465e82,Profile_SUPPLIER,ae0df5a3-fd74-4400-8e0e-63f2dc17286b,Unparsed,7,llaybourne9@google,1,,18.0,1.0101,1
5b787ebc-23d3-4bd8-9733-18d120465e827,5b787ebc-23d3-4bd8-9733-18d120465e82ae0df5a3-fd74-4400-8e0e-63f2dc17286b,Previous Run,5b787ebc-23d3-4bd8-9733-18d120465e82,Profile_SUPPLIER,ae0df5a3-fd74-4400-8e0e-63f2dc17286b,Unparsed,7,iebralla@lycos,1,,14.0,1.0101,2
5b787ebc-23d3-4bd8-9733-18d120465e827,5b787ebc-23d3-4bd8-9733-18d120465e82ae0df5a3-fd74-4400-8e0e-63f2dc17286b,Previous Run,5b787ebc-23d3-4bd8-9733-18d120465e82,Profile_SUPPLIER,ae0df5a3-fd74-4400-8e0e-63f2dc17286b,Unparsed,7,lleylandc@,1,,10.0,1.0101,3
5b787ebc-23d3-4bd8-9733-18d120465e827,5b787ebc-23d3-4bd8-9733-18d120465e82ae0df5a3-fd74-4400-8e0e-63f2dc17286b,Previous Run,5b787ebc-23d3-4bd8-9733-18d120465e82,Profile_SUPPLIER,ae0df5a3-fd74-4400-8e0e-63f2dc17286b,Unparsed,7,mmccoryd,1,,8.0,1.0101,4
5b787ebc-23d3-4bd8-9733-18d120465e827,5b787ebc-23d3-4bd8-9733-18d120465e82ae0df5a3-fd74-4400-8e0e-63f2dc17286b,Previous Run,5b787ebc-23d3-4bd8-9733-18d120465e82,Profile_SUPPLIER,ae0df5a3-fd74-4400-8e0e-63f2dc17286b,Unparsed,7,dgrimmc,1,,7.0,1.0101,5
5b787ebc-23d3-4bd8-9733-18d120465e827,5b787ebc-23d3-4bd8-9733-18d120465e82ae0df5a3-fd74-4400-8e0e-63f2dc17286b,Previous Run,5b787ebc-23d3-4bd8-9733-18d120465e82,Profile_SUPPLIER,ae0df5a3-fd74-4400-8e0e-63f2dc17286b,Unparsed,7,coshesnanb@,1,,11.0,1.0101,6
5b787ebc-23d3-4bd8-9733-18d120465e827,5b787ebc-23d3-4bd8-9733-18d120465e82ae0df5a3-fd74-4400-8e0e-63f2dc17286b,Previous Run,5b787ebc-23d3-4bd8-9733-18d120465e82,Profile_SUPPLIER,ae0df5a3-fd74-4400-8e0e-63f2dc17286b,Unparsed,7,tgowlerb@ebay,1,,13.0,1.0101,7
5b787ebc-23d3-4bd8-9733-18d120465e827,5b787ebc-23d3-4bd8-9733-18d120465e82ae0df5a3-fd74-4400-8e0e-63f2dc17286b,Previous Run,5b787ebc-23d3-4bd8-9733-18d120465e82,Profile_SUPPLIER,ae0df5a3-fd74-4400-8e0e-63f2dc17286b,Unparsed,7,khavilea,1,,8.0,1.0101,8
5b787ebc-23d3-4bd8-9733-18d120465e826,5b787ebc-23d3-4bd8-9733-18d120465e8218605c73-800f-4c70-a712-d097317ab2c0,Previous Run - 1,5b787ebc-23d3-4bd8-9733-18d120465e82,Profile_SUPPLIER,18605c73-800f-4c70-a712-d097317ab2c0,Country_Check,6,US,50,,2,50.50505,0
5b787ebc-23d3-4bd8-9733-18d120465e826,5b787ebc-23d3-4bd8-9733-18d120465e8218605c73-800f-4c70-a712-d097317ab2c0,Previous Run - 1,5b787ebc-23d3-4bd8-9733-18d120465e82,Profile_SUPPLIER,18605c73-800f-4c70-a712-d097317ab2c0,Country_Check,6,OTHER,49,,5,49.49495,1
5b787ebc-23d3-4bd8-9733-18d120465e826,5b787ebc-23d3-4bd8-9733-18d120465e82b1b8fb5a-49d1-4527-a969-21aecf7b67c3,Previous Run - 1,5b787ebc-23d3-4bd8-9733-18d120465e82,Profile_SUPPLIER,b1b8fb5a-49d1-4527-a969-21aecf7b67c3,SSN_Conformity_Check,6,N/A,49,,3,49.49495,0
5b787ebc-23d3-4bd8-9733-18d120465e826,5b787ebc-23d3-4bd8-9733-18d120465e82b1b8fb5a-49d1-4527-a969-21aecf7b67c3,Previous Run - 1,5b787ebc-23d3-4bd8-9733-18d120465e82,Profile_SUPPLIER,b1b8fb5a-49d1-4527-a969-21aecf7b67c3,SSN_Conformity_Check,6,VALID,29,,5,29.29293,1
5b787ebc-23d3-4bd8-9733-18d120465e826,5b787ebc-23d3-4bd8-9733-18d120465e82b1b8fb5a-49d1-4527-a969-21aecf7b67c3,Previous Run - 1,5b787ebc-23d3-4bd8-9733-18d120465e82,Profile_SUPPLIER,b1b8fb5a-49d1-4527-a969-21aecf7b67c3,SSN_Conformity_Check,6,INVALID,21,,7,21.21212,2
5b787ebc-23d3-4bd8-9733-18d120465e826,5b787ebc-23d3-4bd8-9733-18d120465e823e2806db-2233-4ba5-a746-9218b9d68b57,Previous Run - 1,5b787ebc-23d3-4bd8-9733-18d120465e82,Profile_SUPPLIER,3e2806db-2233-4ba5-a746-9218b9d68b57,Phone_Conformity_Check,6,VALID,76,,5,76.76768,0
5b787ebc-23d3-4bd8-9733-18d120465e826,5b787ebc-23d3-4bd8-9733-18d120465e823e2806db-2233-4ba5-a746-9218b9d68b57,Previous Run - 1,5b787ebc-23d3-4bd8-9733-18d120465e82,Profile_SUPPLIER,3e2806db-2233-4ba5-a746-9218b9d68b57,Phone_Conformity_Check,6,INVALID,23,,7,23.23232,1
5b787ebc-23d3-4bd8-9733-18d120465e826,5b787ebc-23d3-4bd8-9733-18d120465e82b512e2be-8abd-4ad9-892f-afb3aff2437e,Previous Run - 1,5b787ebc-23d3-4bd8-9733-18d120465e82,Profile_SUPPLIER,b512e2be-8abd-4ad9-892f-afb3aff2437e,Country_Validity_Check,6,VALID,63,,5,63.63636,0
5b787ebc-23d3-4bd8-9733-18d120465e826,5b787ebc-23d3-4bd8-9733-18d120465e82b512e2be-8abd-4ad9-892f-afb3aff2437e,Previous Run - 1,5b787ebc-23d3-4bd8-9733-18d120465e82,Profile_SUPPLIER,b512e2be-8abd-4ad9-892f-afb3aff2437e,Country_Validity_Check,6,INVALID,36,,7,36.36364,1
5b787ebc-23d3-4bd8-9733-18d120465e826,5b787ebc-23d3-4bd8-9733-18d120465e82245e2982-d405-4514-95be-2c49da5081c6,Previous Run - 1,5b787ebc-23d3-4bd8-9733-18d120465e82,Profile_SUPPLIER,245e2982-d405-4514-95be-2c49da5081c6,Overflow,6,,99,,,100.0,0
5b787ebc-23d3-4bd8-9733-18d120465e826,5b787ebc-23d3-4bd8-9733-18d120465e8279825ea3-4df5-48d9-a484-48c48eec8578,Previous Run - 1,5b787ebc-23d3-4bd8-9733-18d120465e82,Profile_SUPPLIER,79825ea3-4df5-48d9-a484-48c48eec8578,Parsed_Email,6,,25,True,,25.25253,0
5b787ebc-23d3-4bd8-9733-18d120465e826,5b787ebc-23d3-4bd8-9733-18d120465e8279825ea3-4df5-48d9-a484-48c48eec8578,Previous Run - 1,5b787ebc-23d3-4bd8-9733-18d120465e82,Profile_SUPPLIER,79825ea3-4df5-48d9-a484-48c48eec8578,Parsed_Email,6,acopings@plala.or.jp,1,,20.0,1.0101,1
5b787ebc-23d3-4bd8-9733-18d120465e826,5b787ebc-23d3-4bd8-9733-18d120465e8279825ea3-4df5-48d9-a484-48c48eec8578,Previous Run - 1,5b787ebc-23d3-4bd8-9733-18d120465e82,Profile_SUPPLIER,79825ea3-4df5-48d9-a484-48c48eec8578,Parsed_Email,6,lnason12@squarespace.com,1,,24.0,1.0101,2
5b787ebc-23d3-4bd8-9733-18d120465e826,5b787ebc-23d3-4bd8-9733-18d120465e8279825ea3-4df5-48d9-a484-48c48eec8578,Previous Run - 1,5b787ebc-23d3-4bd8-9733-18d120465e82,Profile_SUPPLIER,79825ea3-4df5-48d9-a484-48c48eec8578,Parsed_Email,6,jhargreavesz@icio.us,1,,20.0,1.0101,3
5b787ebc-23d3-4bd8-9733-18d120465e826,5b787ebc-23d3-4bd8-9733-18d120465e8279825ea3-4df5-48d9-a484-48c48eec8578,Previous Run - 1,5b787ebc-23d3-4bd8-9733-18d120465e82,Profile_SUPPLIER,79825ea3-4df5-48d9-a484-48c48eec8578,Parsed_Email,6,bajsiki@craigslist.org,1,,22.0,1.0101,4
5b787ebc-23d3-4bd8-9733-18d120465e826,5b787ebc-23d3-4bd8-9733-18d120465e8279825ea3-4df5-48d9-a484-48c48eec8578,Previous Run - 1,5b787ebc-23d3-4bd8-9733-18d120465e82,Profile_SUPPLIER,79825ea3-4df5-48d9-a484-48c48eec8578,Parsed_Email,6,dgatesmanm@unc.edu,1,,18.0,1.0101,5
5b787ebc-23d3-4bd8-9733-18d120465e826,5b787ebc-23d3-4bd8-9733-18d120465e8279825ea3-4df5-48d9-a484-48c48eec8578,Previous Run - 1,5b787ebc-23d3-4bd8-9733-18d120465e82,Profile_SUPPLIER,79825ea3-4df5-48d9-a484-48c48eec8578,Parsed_Email,6,ayellv@sfgate.com,1,,17.0,1.0101,6
5b787ebc-23d3-4bd8-9733-18d120465e826,5b787ebc-23d3-4bd8-9733-18d120465e8279825ea3-4df5-48d9-a484-48c48eec8578,Previous Run - 1,5b787ebc-23d3-4bd8-9733-18d120465e82,Profile_SUPPLIER,79825ea3-4df5-48d9-a484-48c48eec8578,Parsed_Email,6,gfrew15@taobao.com,1,,18.0,1.0101,7
5b787ebc-23d3-4bd8-9733-18d120465e826,5b787ebc-23d3-4bd8-9733-18d120465e8279825ea3-4df5-48d9-a484-48c48eec8578,Previous Run - 1,5b787ebc-23d3-4bd8-9733-18d120465e82,Profile_SUPPLIER,79825ea3-4df5-48d9-a484-48c48eec8578,Parsed_Email,6,clangstonu@msn.com,1,,18.0,1.0101,8
5b787ebc-23d3-4bd8-9733-18d120465e826,5b787ebc-23d3-4bd8-9733-18d120465e8279825ea3-4df5-48d9-a484-48c48eec8578,Previous Run - 1,5b787ebc-23d3-4bd8-9733-18d120465e82,Profile_SUPPLIER,79825ea3-4df5-48d9-a484-48c48eec8578,Parsed_Email,6,dbellordd@github.io,1,,19.0,1.0101,9
5b787ebc-23d3-4bd8-9733-18d120465e826,5b787ebc-23d3-4bd8-9733-18d120465e8279825ea3-4df5-48d9-a484-48c48eec8578,Previous Run - 1,5b787ebc-23d3-4bd8-9733-18d120465e82,Profile_SUPPLIER,79825ea3-4df5-48d9-a484-48c48eec8578,Parsed_Email,6,agoldenofireland8@opensource.org,1,,32.0,1.0101,10
5b787ebc-23d3-4bd8-9733-18d120465e826,5b787ebc-23d3-4bd8-9733-18d120465e8279825ea3-4df5-48d9-a484-48c48eec8578,Previous Run - 1,5b787ebc-23d3-4bd8-9733-18d120465e82,Profile_SUPPLIER,79825ea3-4df5-48d9-a484-48c48eec8578,Parsed_Email,6,magney9@springer.com,1,,20.0,1.0101,11
5b787ebc-23d3-4bd8-9733-18d120465e826,5b787ebc-23d3-4bd8-9733-18d120465e8279825ea3-4df5-48d9-a484-48c48eec8578,Previous Run - 1,5b787ebc-23d3-4bd8-9733-18d120465e82,Profile_SUPPLIER,79825ea3-4df5-48d9-a484-48c48eec8578,Parsed_Email,6,dfauloj@tamu.edu,1,,16.0,1.0101,12
5b787ebc-23d3-4bd8-9733-18d120465e826,5b787ebc-23d3-4bd8-9733-18d120465e8279825ea3-4df5-48d9-a484-48c48eec8578,Previous Run - 1,5b787ebc-23d3-4bd8-9733-18d120465e82,Profile_SUPPLIER,79825ea3-4df5-48d9-a484-48c48eec8578,Parsed_Email,6,bstichel14@symantec.com,1,,23.0,1.0101,13
5b787ebc-23d3-4bd8-9733-18d120465e826,5b787ebc-23d3-4bd8-9733-18d120465e8279825ea3-4df5-48d9-a484-48c48eec8578,Previous Run - 1,5b787ebc-23d3-4bd8-9733-18d120465e82,Profile_SUPPLIER,79825ea3-4df5-48d9-a484-48c48eec8578,Parsed_Email,6,aenticott15@techcrunch.com,1,,26.0,1.0101,14
5b787ebc-23d3-4bd8-9733-18d120465e826,5b787ebc-23d3-4bd8-9733-18d120465e8279825ea3-4df5-48d9-a484-48c48eec8578,Previous Run - 1,5b787ebc-23d3-4bd8-9733-18d120465e82,Profile_SUPPLIER,79825ea3-4df5-48d9-a484-48c48eec8578,Parsed_Email,6,cbeamonto@businessweek.com,1,,26.0,1.0101,15
5b787ebc-23d3-4bd8-9733-18d120465e826,5b787ebc-23d3-4bd8-9733-18d120465e8279825ea3-4df5-48d9-a484-48c48eec8578,Previous Run - 1,5b787ebc-23d3-4bd8-9733-18d120465e82,Profile_SUPPLIER,79825ea3-4df5-48d9-a484-48c48eec8578,Parsed_Email,6,rstannersy@imgur.com,1,,20.0,1.0101,16
5b787ebc-23d3-4bd8-9733-18d120465e826,5b787ebc-23d3-4bd8-9733-18d120465e8279825ea3-4df5-48d9-a484-48c48eec8578,Previous Run - 1,5b787ebc-23d3-4bd8-9733-18d120465e82,Profile_SUPPLIER,79825ea3-4df5-48d9-a484-48c48eec8578,Parsed_Email,6,lneedt@stumbleupon.com,1,,22.0,1.0101,17
5b787ebc-23d3-4bd8-9733-18d120465e826,5b787ebc-23d3-4bd8-9733-18d120465e8279825ea3-4df5-48d9-a484-48c48eec8578,Previous Run - 1,5b787ebc-23d3-4bd8-9733-18d120465e82,Profile_SUPPLIER,79825ea3-4df5-48d9-a484-48c48eec8578,Parsed_Email,6,fcromerl@wp.com,1,,15.0,1.0101,18
5b787ebc-23d3-4bd8-9733-18d120465e826,5b787ebc-23d3-4bd8-9733-18d120465e8279825ea3-4df5-48d9-a484-48c48eec8578,Previous Run - 1,5b787ebc-23d3-4bd8-9733-18d120465e82,Profile_SUPPLIER,79825ea3-4df5-48d9-a484-48c48eec8578,Parsed_Email,6,csharpinf@dagondesign.com,1,,25.0,1.0101,19
5b787ebc-23d3-4bd8-9733-18d120465e826,5b787ebc-23d3-4bd8-9733-18d120465e82ae0df5a3-fd74-4400-8e0e-63f2dc17286b,Previous Run - 1,5b787ebc-23d3-4bd8-9733-18d120465e82,Profile_SUPPLIER,ae0df5a3-fd74-4400-8e0e-63f2dc17286b,Unparsed,6,,91,True,,91.91919,0
5b787ebc-23d3-4bd8-9733-18d120465e826,5b787ebc-23d3-4bd8-9733-18d120465e82ae0df5a3-fd74-4400-8e0e-63f2dc17286b,Previous Run - 1,5b787ebc-23d3-4bd8-9733-18d120465e82,Profile_SUPPLIER,ae0df5a3-fd74-4400-8e0e-63f2dc17286b,Unparsed,6,llaybourne9@google,1,,18.0,1.0101,1
5b787ebc-23d3-4bd8-9733-18d120465e826,5b787ebc-23d3-4bd8-9733-18d120465e82ae0df5a3-fd74-4400-8e0e-63f2dc17286b,Previous Run - 1,5b787ebc-23d3-4bd8-9733-18d120465e82,Profile_SUPPLIER,ae0df5a3-fd74-4400-8e0e-63f2dc17286b,Unparsed,6,iebralla@lycos,1,,14.0,1.0101,2
5b787ebc-23d3-4bd8-9733-18d120465e826,5b787ebc-23d3-4bd8-9733-18d120465e82ae0df5a3-fd74-4400-8e0e-63f2dc17286b,Previous Run - 1,5b787ebc-23d3-4bd8-9733-18d120465e82,Profile_SUPPLIER,ae0df5a3-fd74-4400-8e0e-63f2dc17286b,Unparsed,6,tgowlerb@ebay,1,,13.0,1.0101,3
5b787ebc-23d3-4bd8-9733-18d120465e826,5b787ebc-23d3-4bd8-9733-18d120465e82ae0df5a3-fd74-4400-8e0e-63f2dc17286b,Previous Run - 1,5b787ebc-23d3-4bd8-9733-18d120465e82,Profile_SUPPLIER,ae0df5a3-fd74-4400-8e0e-63f2dc17286b,Unparsed,6,khavilea,1,,8.0,1.0101,4
5b787ebc-23d3-4bd8-9733-18d120465e826,5b787ebc-23d3-4bd8-9733-18d120465e82ae0df5a3-fd74-4400-8e0e-63f2dc17286b,Previous Run - 1,5b787ebc-23d3-4bd8-9733-18d120465e82,Profile_SUPPLIER,ae0df5a3-fd74-4400-8e0e-63f2dc17286b,Unparsed,6,dgrimmc,1,,7.0,1.0101,5
5b787ebc-23d3-4bd8-9733-18d120465e826,5b787ebc-23d3-4bd8-9733-18d120465e82ae0df5a3-fd74-4400-8e0e-63f2dc17286b,Previous Run - 1,5b787ebc-23d3-4bd8-9733-18d120465e82,Profile_SUPPLIER,ae0df5a3-fd74-4400-8e0e-63f2dc17286b,Unparsed,6,lleylandc@,1,,10.0,1.0101,6
5b787ebc-23d3-4bd8-9733-18d120465e826,5b787ebc-23d3-4bd8-9733-18d120465e82ae0df5a3-fd74-4400-8e0e-63f2dc17286b,Previous Run - 1,5b787ebc-23d3-4bd8-9733-18d120465e82,Profile_SUPPLIER,ae0df5a3-fd74-4400-8e0e-63f2dc17286b,Unparsed,6,coshesnanb@,1,,11.0,1.0101,7
5b787ebc-23d3-4bd8-9733-18d120465e826,5b787ebc-23d3-4bd8-9733-18d120465e82ae0df5a3-fd74-4400-8e0e-63f2dc17286b,Previous Run - 1,5b787ebc-23d3-4bd8-9733-18d120465e82,Profile_SUPPLIER,ae0df5a3-fd74-4400-8e0e-63f2dc17286b,Unparsed,6,mmccoryd,1,,8.0,1.0101,8
5b787ebc-23d3-4bd8-9733-18d120465e825,5b787ebc-23d3-4bd8-9733-18d120465e8218605c73-800f-4c70-a712-d097317ab2c0,Previous Run - 2,5b787ebc-23d3-4bd8-9733-18d120465e82,Profile_SUPPLIER,18605c73-800f-4c70-a712-d097317ab2c0,Country_Check,5,US,50,,2,50.50505,0
5b787ebc-23d3-4bd8-9733-18d120465e825,5b787ebc-23d3-4bd8-9733-18d120465e8218605c73-800f-4c70-a712-d097317ab2c0,Previous Run - 2,5b787ebc-23d3-4bd8-9733-18d120465e82,Profile_SUPPLIER,18605c73-800f-4c70-a712-d097317ab2c0,Country_Check,5,OTHER,49,,5,49.49495,1
5b787ebc-23d3-4bd8-9733-18d120465e825,5b787ebc-23d3-4bd8-9733-18d120465e82b1b8fb5a-49d1-4527-a969-21aecf7b67c3,Previous Run - 2,5b787ebc-23d3-4bd8-9733-18d120465e82,Profile_SUPPLIER,b1b8fb5a-49d1-4527-a969-21aecf7b67c3,SSN_Conformity_Check,5,N/A,49,,3,49.49495,0
5b787ebc-23d3-4bd8-9733-18d120465e825,5b787ebc-23d3-4bd8-9733-18d120465e82b1b8fb5a-49d1-4527-a969-21aecf7b67c3,Previous Run - 2,5b787ebc-23d3-4bd8-9733-18d120465e82,Profile_SUPPLIER,b1b8fb5a-49d1-4527-a969-21aecf7b67c3,SSN_Conformity_Check,5,VALID,29,,5,29.29293,1
5b787ebc-23d3-4bd8-9733-18d120465e825,5b787ebc-23d3-4bd8-9733-18d120465e82b1b8fb5a-49d1-4527-a969-21aecf7b67c3,Previous Run - 2,5b787ebc-23d3-4bd8-9733-18d120465e82,Profile_SUPPLIER,b1b8fb5a-49d1-4527-a969-21aecf7b67c3,SSN_Conformity_Check,5,INVALID,21,,7,21.21212,2
5b787ebc-23d3-4bd8-9733-18d120465e825,5b787ebc-23d3-4bd8-9733-18d120465e823e2806db-2233-4ba5-a746-9218b9d68b57,Previous Run - 2,5b787ebc-23d3-4bd8-9733-18d120465e82,Profile_SUPPLIER,3e2806db-2233-4ba5-a746-9218b9d68b57,Phone_Conformity_Check,5,VALID,76,,5,76.76768,0
5b787ebc-23d3-4bd8-9733-18d120465e825,5b787ebc-23d3-4bd8-9733-18d120465e823e2806db-2233-4ba5-a746-9218b9d68b57,Previous Run - 2,5b787ebc-23d3-4bd8-9733-18d120465e82,Profile_SUPPLIER,3e2806db-2233-4ba5-a746-9218b9d68b57,Phone_Conformity_Check,5,INVALID,23,,7,23.23232,1
5b787ebc-23d3-4bd8-9733-18d120465e825,5b787ebc-23d3-4bd8-9733-18d120465e82b512e2be-8abd-4ad9-892f-afb3aff2437e,Previous Run - 2,5b787ebc-23d3-4bd8-9733-18d120465e82,Profile_SUPPLIER,b512e2be-8abd-4ad9-892f-afb3aff2437e,Country_Validity_Check,5,VALID,63,,5,63.63636,0
5b787ebc-23d3-4bd8-9733-18d120465e825,5b787ebc-23d3-4bd8-9733-18d120465e82b512e2be-8abd-4ad9-892f-afb3aff2437e,Previous Run - 2,5b787ebc-23d3-4bd8-9733-18d120465e82,Profile_SUPPLIER,b512e2be-8abd-4ad9-892f-afb3aff2437e,Country_Validity_Check,5,INVALID,36,,7,36.36364,1
5b787ebc-23d3-4bd8-9733-18d120465e825,5b787ebc-23d3-4bd8-9733-18d120465e82245e2982-d405-4514-95be-2c49da5081c6,Previous Run - 2,5b787ebc-23d3-4bd8-9733-18d120465e82,Profile_SUPPLIER,245e2982-d405-4514-95be-2c49da5081c6,Overflow,5,,99,,,100.0,0
5b787ebc-23d3-4bd8-9733-18d120465e825,5b787ebc-23d3-4bd8-9733-18d120465e8279825ea3-4df5-48d9-a484-48c48eec8578,Previous Run - 2,5b787ebc-23d3-4bd8-9733-18d120465e82,Profile_SUPPLIER,79825ea3-4df5-48d9-a484-48c48eec8578,Parsed_Email,5,,25,True,,25.25253,0
5b787ebc-23d3-4bd8-9733-18d120465e825,5b787ebc-23d3-4bd8-9733-18d120465e8279825ea3-4df5-48d9-a484-48c48eec8578,Previous Run - 2,5b787ebc-23d3-4bd8-9733-18d120465e82,Profile_SUPPLIER,79825ea3-4df5-48d9-a484-48c48eec8578,Parsed_Email,5,flankhamk@i2i.jp,1,,16.0,1.0101,1
5b787ebc-23d3-4bd8-9733-18d120465e825,5b787ebc-23d3-4bd8-9733-18d120465e8279825ea3-4df5-48d9-a484-48c48eec8578,Previous Run - 2,5b787ebc-23d3-4bd8-9733-18d120465e82,Profile_SUPPLIER,79825ea3-4df5-48d9-a484-48c48eec8578,Parsed_Email,5,jspeachleyo@theatlantic.com,1,,27.0,1.0101,2
5b787ebc-23d3-4bd8-9733-18d120465e825,5b787ebc-23d3-4bd8-9733-18d120465e8279825ea3-4df5-48d9-a484-48c48eec8578,Previous Run - 2,5b787ebc-23d3-4bd8-9733-18d120465e82,Profile_SUPPLIER,79825ea3-4df5-48d9-a484-48c48eec8578,Parsed_Email,5,cdayley13@cocolog-nifty.com,1,,27.0,1.0101,3
5b787ebc-23d3-4bd8-9733-18d120465e825,5b787ebc-23d3-4bd8-9733-18d120465e8279825ea3-4df5-48d9-a484-48c48eec8578,Previous Run - 2,5b787ebc-23d3-4bd8-9733-18d120465e82,Profile_SUPPLIER,79825ea3-4df5-48d9-a484-48c48eec8578,Parsed_Email,5,gfrew15@taobao.com,1,,18.0,1.0101,4
5b787ebc-23d3-4bd8-9733-18d120465e825,5b787ebc-23d3-4bd8-9733-18d120465e8279825ea3-4df5-48d9-a484-48c48eec8578,Previous Run - 2,5b787ebc-23d3-4bd8-9733-18d120465e82,Profile_SUPPLIER,79825ea3-4df5-48d9-a484-48c48eec8578,Parsed_Email,5,rrosellv@blogs.com,1,,18.0,1.0101,5
5b787ebc-23d3-4bd8-9733-18d120465e825,5b787ebc-23d3-4bd8-9733-18d120465e8279825ea3-4df5-48d9-a484-48c48eec8578,Previous Run - 2,5b787ebc-23d3-4bd8-9733-18d120465e82,Profile_SUPPLIER,79825ea3-4df5-48d9-a484-48c48eec8578,Parsed_Email,5,mvelti17@adobe.com,1,,18.0,1.0101,6
5b787ebc-23d3-4bd8-9733-18d120465e825,5b787ebc-23d3-4bd8-9733-18d120465e8279825ea3-4df5-48d9-a484-48c48eec8578,Previous Run - 2,5b787ebc-23d3-4bd8-9733-18d120465e82,Profile_SUPPLIER,79825ea3-4df5-48d9-a484-48c48eec8578,Parsed_Email,5,pallcott1b@wp.com,1,,17.0,1.0101,7
5b787ebc-23d3-4bd8-9733-18d120465e825,5b787ebc-23d3-4bd8-9733-18d120465e8279825ea3-4df5-48d9-a484-48c48eec8578,Previous Run - 2,5b787ebc-23d3-4bd8-9733-18d120465e82,Profile_SUPPLIER,79825ea3-4df5-48d9-a484-48c48eec8578,Parsed_Email,5,hlawss@kickstarter.com,1,,22.0,1.0101,8
5b787ebc-23d3-4bd8-9733-18d120465e825,5b787ebc-23d3-4bd8-9733-18d120465e8279825ea3-4df5-48d9-a484-48c48eec8578,Previous Run - 2,5b787ebc-23d3-4bd8-9733-18d120465e82,Profile_SUPPLIER,79825ea3-4df5-48d9-a484-48c48eec8578,Parsed_Email,5,dfauloj@tamu.edu,1,,16.0,1.0101,9
5b787ebc-23d3-4bd8-9733-18d120465e825,5b787ebc-23d3-4bd8-9733-18d120465e8279825ea3-4df5-48d9-a484-48c48eec8578,Previous Run - 2,5b787ebc-23d3-4bd8-9733-18d120465e82,Profile_SUPPLIER,79825ea3-4df5-48d9-a484-48c48eec8578,Parsed_Email,5,alevane12@webeden.co.uk,1,,23.0,1.0101,10
5b787ebc-23d3-4bd8-9733-18d120465e825,5b787ebc-23d3-4bd8-9733-18d120465e8279825ea3-4df5-48d9-a484-48c48eec8578,Previous Run - 2,5b787ebc-23d3-4bd8-9733-18d120465e82,Profile_SUPPLIER,79825ea3-4df5-48d9-a484-48c48eec8578,Parsed_Email,5,smathesonj@cyberchimps.com,1,,26.0,1.0101,11
5b787ebc-23d3-4bd8-9733-18d120465e825,5b787ebc-23d3-4bd8-9733-18d120465e8279825ea3-4df5-48d9-a484-48c48eec8578,Previous Run - 2,5b787ebc-23d3-4bd8-9733-18d120465e82,Profile_SUPPLIER,79825ea3-4df5-48d9-a484-48c48eec8578,Parsed_Email,5,lirnys17@linkedin.com,1,,21.0,1.0101,12
5b787ebc-23d3-4bd8-9733-18d120465e825,5b787ebc-23d3-4bd8-9733-18d120465e8279825ea3-4df5-48d9-a484-48c48eec8578,Previous Run - 2,5b787ebc-23d3-4bd8-9733-18d120465e82,Profile_SUPPLIER,79825ea3-4df5-48d9-a484-48c48eec8578,Parsed_Email,5,cfluryi@eventbrite.com,1,,22.0,1.0101,13
5b787ebc-23d3-4bd8-9733-18d120465e825,5b787ebc-23d3-4bd8-9733-18d120465e8279825ea3-4df5-48d9-a484-48c48eec8578,Previous Run - 2,5b787ebc-23d3-4bd8-9733-18d120465e82,Profile_SUPPLIER,79825ea3-4df5-48d9-a484-48c48eec8578,Parsed_Email,5,rclothier10@newsvine.com,1,,24.0,1.0101,14
5b787ebc-23d3-4bd8-9733-18d120465e825,5b787ebc-23d3-4bd8-9733-18d120465e8279825ea3-4df5-48d9-a484-48c48eec8578,Previous Run - 2,5b787ebc-23d3-4bd8-9733-18d120465e82,Profile_SUPPLIER,79825ea3-4df5-48d9-a484-48c48eec8578,Parsed_Email,5,fcromerl@wp.com,1,,15.0,1.0101,15
5b787ebc-23d3-4bd8-9733-18d120465e825,5b787ebc-23d3-4bd8-9733-18d120465e8279825ea3-4df5-48d9-a484-48c48eec8578,Previous Run - 2,5b787ebc-23d3-4bd8-9733-18d120465e82,Profile_SUPPLIER,79825ea3-4df5-48d9-a484-48c48eec8578,Parsed_Email,5,bdutnallr@uol.com.br,1,,20.0,1.0101,16
5b787ebc-23d3-4bd8-9733-18d120465e825,5b787ebc-23d3-4bd8-9733-18d120465e8279825ea3-4df5-48d9-a484-48c48eec8578,Previous Run - 2,5b787ebc-23d3-4bd8-9733-18d120465e82,Profile_SUPPLIER,79825ea3-4df5-48d9-a484-48c48eec8578,Parsed_Email,5,fstogglesx@tiny.cc,1,,18.0,1.0101,17
5b787ebc-23d3-4bd8-9733-18d120465e825,5b787ebc-23d3-4bd8-9733-18d120465e8279825ea3-4df5-48d9-a484-48c48eec8578,Previous Run - 2,5b787ebc-23d3-4bd8-9733-18d120465e82,Profile_SUPPLIER,79825ea3-4df5-48d9-a484-48c48eec8578,Parsed_Email,5,jhargreavesz@icio.us,1,,20.0,1.0101,18
5b787ebc-23d3-4bd8-9733-18d120465e825,5b787ebc-23d3-4bd8-9733-18d120465e8279825ea3-4df5-48d9-a484-48c48eec8578,Previous Run - 2,5b787ebc-23d3-4bd8-9733-18d120465e82,Profile_SUPPLIER,79825ea3-4df5-48d9-a484-48c48eec8578,Parsed_Email,5,agoldenofireland8@opensource.org,1,,32.0,1.0101,19
5b787ebc-23d3-4bd8-9733-18d120465e825,5b787ebc-23d3-4bd8-9733-18d120465e82ae0df5a3-fd74-4400-8e0e-63f2dc17286b,Previous Run - 2,5b787ebc-23d3-4bd8-9733-18d120465e82,Profile_SUPPLIER,ae0df5a3-fd74-4400-8e0e-63f2dc17286b,Unparsed,5,,91,True,,91.91919,0
5b787ebc-23d3-4bd8-9733-18d120465e825,5b787ebc-23d3-4bd8-9733-18d120465e82ae0df5a3-fd74-4400-8e0e-63f2dc17286b,Previous Run - 2,5b787ebc-23d3-4bd8-9733-18d120465e82,Profile_SUPPLIER,ae0df5a3-fd74-4400-8e0e-63f2dc17286b,Unparsed,5,khavilea,1,,8.0,1.0101,1
5b787ebc-23d3-4bd8-9733-18d120465e825,5b787ebc-23d3-4bd8-9733-18d120465e82ae0df5a3-fd74-4400-8e0e-63f2dc17286b,Previous Run - 2,5b787ebc-23d3-4bd8-9733-18d120465e82,Profile_SUPPLIER,ae0df5a3-fd74-4400-8e0e-63f2dc17286b,Unparsed,5,dgrimmc,1,,7.0,1.0101,2
5b787ebc-23d3-4bd8-9733-18d120465e825,5b787ebc-23d3-4bd8-9733-18d120465e82ae0df5a3-fd74-4400-8e0e-63f2dc17286b,Previous Run - 2,5b787ebc-23d3-4bd8-9733-18d120465e82,Profile_SUPPLIER,ae0df5a3-fd74-4400-8e0e-63f2dc17286b,Unparsed,5,iebralla@lycos,1,,14.0,1.0101,3
5b787ebc-23d3-4bd8-9733-18d120465e825,5b787ebc-23d3-4bd8-9733-18d120465e82ae0df5a3-fd74-4400-8e0e-63f2dc17286b,Previous Run - 2,5b787ebc-23d3-4bd8-9733-18d120465e82,Profile_SUPPLIER,ae0df5a3-fd74-4400-8e0e-63f2dc17286b,Unparsed,5,coshesnanb@,1,,11.0,1.0101,4
5b787ebc-23d3-4bd8-9733-18d120465e825,5b787ebc-23d3-4bd8-9733-18d120465e82ae0df5a3-fd74-4400-8e0e-63f2dc17286b,Previous Run - 2,5b787ebc-23d3-4bd8-9733-18d120465e82,Profile_SUPPLIER,ae0df5a3-fd74-4400-8e0e-63f2dc17286b,Unparsed,5,mmccoryd,1,,8.0,1.0101,5
5b787ebc-23d3-4bd8-9733-18d120465e825,5b787ebc-23d3-4bd8-9733-18d120465e82ae0df5a3-fd74-4400-8e0e-63f2dc17286b,Previous Run - 2,5b787ebc-23d3-4bd8-9733-18d120465e82,Profile_SUPPLIER,ae0df5a3-fd74-4400-8e0e-63f2dc17286b,Unparsed,5,llaybourne9@google,1,,18.0,1.0101,6
5b787ebc-23d3-4bd8-9733-18d120465e825,5b787ebc-23d3-4bd8-9733-18d120465e82ae0df5a3-fd74-4400-8e0e-63f2dc17286b,Previous Run - 2,5b787ebc-23d3-4bd8-9733-18d120465e82,Profile_SUPPLIER,ae0df5a3-fd74-4400-8e0e-63f2dc17286b,Unparsed,5,tgowlerb@ebay,1,,13.0,1.0101,7
5b787ebc-23d3-4bd8-9733-18d120465e825,5b787ebc-23d3-4bd8-9733-18d120465e82ae0df5a3-fd74-4400-8e0e-63f2dc17286b,Previous Run - 2,5b787ebc-23d3-4bd8-9733-18d120465e82,Profile_SUPPLIER,ae0df5a3-fd74-4400-8e0e-63f2dc17286b,Unparsed,5,lleylandc@,1,,10.0,1.0101,8
749db6d5-c9ea-4a0d-9434-f30875bc078c2,749db6d5-c9ea-4a0d-9434-f30875bc078c267212ea-2875-42df-8449-939bd2f08b99,Latest Run,749db6d5-c9ea-4a0d-9434-f30875bc078c,Profile_SUPPLIER_DEMO_rule,267212ea-2875-42df-8449-939bd2f08b99,SSN_Conformity_Check,2,N/A,49,,3,49.49495,0
749db6d5-c9ea-4a0d-9434-f30875bc078c2,749db6d5-c9ea-4a0d-9434-f30875bc078c267212ea-2875-42df-8449-939bd2f08b99,Latest Run,749db6d5-c9ea-4a0d-9434-f30875bc078c,Profile_SUPPLIER_DEMO_rule,267212ea-2875-42df-8449-939bd2f08b99,SSN_Conformity_Check,2,VALID,27,,5,27.27273,1
749db6d5-c9ea-4a0d-9434-f30875bc078c2,749db6d5-c9ea-4a0d-9434-f30875bc078c267212ea-2875-42df-8449-939bd2f08b99,Latest Run,749db6d5-c9ea-4a0d-9434-f30875bc078c,Profile_SUPPLIER_DEMO_rule,267212ea-2875-42df-8449-939bd2f08b99,SSN_Conformity_Check,2,INVALID,23,,7,23.23232,2
749db6d5-c9ea-4a0d-9434-f30875bc078c2,749db6d5-c9ea-4a0d-9434-f30875bc078cf1dd23f0-ddb7-4366-9cc6-902d9c3e9a09,Latest Run,749db6d5-c9ea-4a0d-9434-f30875bc078c,Profile_SUPPLIER_DEMO_rule,f1dd23f0-ddb7-4366-9cc6-902d9c3e9a09,Country_Check,2,US,50,,2,50.50505,0
749db6d5-c9ea-4a0d-9434-f30875bc078c2,749db6d5-c9ea-4a0d-9434-f30875bc078cf1dd23f0-ddb7-4366-9cc6-902d9c3e9a09,Latest Run,749db6d5-c9ea-4a0d-9434-f30875bc078c,Profile_SUPPLIER_DEMO_rule,f1dd23f0-ddb7-4366-9cc6-902d9c3e9a09,Country_Check,2,OTHER,49,,5,49.49495,1
749db6d5-c9ea-4a0d-9434-f30875bc078c2,749db6d5-c9ea-4a0d-9434-f30875bc078cb1efd60a-257a-48fa-9461-26b8d7d5a664,Latest Run,749db6d5-c9ea-4a0d-9434-f30875bc078c,Profile_SUPPLIER_DEMO_rule,b1efd60a-257a-48fa-9461-26b8d7d5a664,Cleanse_Company_Name,2,,44,,,44.44444,0
749db6d5-c9ea-4a0d-9434-f30875bc078c2,749db6d5-c9ea-4a0d-9434-f30875bc078cb1efd60a-257a-48fa-9461-26b8d7d5a664,Latest Run,749db6d5-c9ea-4a0d-9434-f30875bc078c,Profile_SUPPLIER_DEMO_rule,b1efd60a-257a-48fa-9461-26b8d7d5a664,Cleanse_Company_Name,2,Informatica LLC,34,,15.0,34.34343,1
749db6d5-c9ea-4a0d-9434-f30875bc078c2,749db6d5-c9ea-4a0d-9434-f30875bc078cb1efd60a-257a-48fa-9461-26b8d7d5a664,Latest Run,749db6d5-c9ea-4a0d-9434-f30875bc078c,Profile_SUPPLIER_DEMO_rule,b1efd60a-257a-48fa-9461-26b8d7d5a664,Cleanse_Company_Name,2,Informatica Business Solutions Pvt Ltd,16,,38.0,16.16162,2
749db6d5-c9ea-4a0d-9434-f30875bc078c2,749db6d5-c9ea-4a0d-9434-f30875bc078cb1efd60a-257a-48fa-9461-26b8d7d5a664,Latest Run,749db6d5-c9ea-4a0d-9434-f30875bc078c,Profile_SUPPLIER_DEMO_rule,b1efd60a-257a-48fa-9461-26b8d7d5a664,Cleanse_Company_Name,2,Microsoft Corporation,5,,21.0,5.05051,3
749db6d5-c9ea-4a0d-9434-f30875bc078c2,749db6d5-c9ea-4a0d-9434-f30875bc078c5853002e-67aa-4e06-8a35-6f85d767de55,Latest Run,749db6d5-c9ea-4a0d-9434-f30875bc078c,Profile_SUPPLIER_DEMO_rule,5853002e-67aa-4e06-8a35-6f85d767de55,out_email,2,,51,,,51.51515,0
749db6d5-c9ea-4a0d-9434-f30875bc078c2,749db6d5-c9ea-4a0d-9434-f30875bc078c5853002e-67aa-4e06-8a35-6f85d767de55,Latest Run,749db6d5-c9ea-4a0d-9434-f30875bc078c,Profile_SUPPLIER_DEMO_rule,5853002e-67aa-4e06-8a35-6f85d767de55,out_email,2,help@informatica.com,28,,20.0,28.28283,1
749db6d5-c9ea-4a0d-9434-f30875bc078c2,749db6d5-c9ea-4a0d-9434-f30875bc078c5853002e-67aa-4e06-8a35-6f85d767de55,Latest Run,749db6d5-c9ea-4a0d-9434-f30875bc078c,Profile_SUPPLIER_DEMO_rule,5853002e-67aa-4e06-8a35-6f85d767de55,out_email,2,support@informatica.com,15,,23.0,15.15152,2
749db6d5-c9ea-4a0d-9434-f30875bc078c2,749db6d5-c9ea-4a0d-9434-f30875bc078c5853002e-67aa-4e06-8a35-6f85d767de55,Latest Run,749db6d5-c9ea-4a0d-9434-f30875bc078c,Profile_SUPPLIER_DEMO_rule,5853002e-67aa-4e06-8a35-6f85d767de55,out_email,2,sales@microsoft.com,5,,19.0,5.05051,3
749db6d5-c9ea-4a0d-9434-f30875bc078c2,749db6d5-c9ea-4a0d-9434-f30875bc078cf8bce54b-2d3f-44f9-9378-9e532d1e96f4,Latest Run,749db6d5-c9ea-4a0d-9434-f30875bc078c,Profile_SUPPLIER_DEMO_rule,f8bce54b-2d3f-44f9-9378-9e532d1e96f4,Overflow,2,,99,,,100.0,0
749db6d5-c9ea-4a0d-9434-f30875bc078c2,749db6d5-c9ea-4a0d-9434-f30875bc078cc117fd79-cc66-4629-86dd-4781d488f641,Latest Run,749db6d5-c9ea-4a0d-9434-f30875bc078c,Profile_SUPPLIER_DEMO_rule,c117fd79-cc66-4629-86dd-4781d488f641,Unparsed,2,,51,,,51.51515,0
749db6d5-c9ea-4a0d-9434-f30875bc078c2,749db6d5-c9ea-4a0d-9434-f30875bc078cc117fd79-cc66-4629-86dd-4781d488f641,Latest Run,749db6d5-c9ea-4a0d-9434-f30875bc078c,Profile_SUPPLIER_DEMO_rule,c117fd79-cc66-4629-86dd-4781d488f641,Unparsed,2,Support Contact email,28,,21.0,28.28283,1
749db6d5-c9ea-4a0d-9434-f30875bc078c2,749db6d5-c9ea-4a0d-9434-f30875bc078cc117fd79-cc66-4629-86dd-4781d488f641,Latest Run,749db6d5-c9ea-4a0d-9434-f30875bc078c,Profile_SUPPLIER_DEMO_rule,c117fd79-cc66-4629-86dd-4781d488f641,Unparsed,2,Support Contact email is and contact # is,15,,41.0,15.15152,2
749db6d5-c9ea-4a0d-9434-f30875bc078c2,749db6d5-c9ea-4a0d-9434-f30875bc078cc117fd79-cc66-4629-86dd-4781d488f641,Latest Run,749db6d5-c9ea-4a0d-9434-f30875bc078c,Profile_SUPPLIER_DEMO_rule,c117fd79-cc66-4629-86dd-4781d488f641,Unparsed,2,Sales Contact email: and phone:,5,,31.0,5.05051,3
749db6d5-c9ea-4a0d-9434-f30875bc078c2,749db6d5-c9ea-4a0d-9434-f30875bc078cedea5dd6-91a5-46b9-aed6-d78a8db3fb4e,Latest Run,749db6d5-c9ea-4a0d-9434-f30875bc078c,Profile_SUPPLIER_DEMO_rule,edea5dd6-91a5-46b9-aed6-d78a8db3fb4e,out_phone,2,,79,,,79.79798,0
749db6d5-c9ea-4a0d-9434-f30875bc078c2,749db6d5-c9ea-4a0d-9434-f30875bc078cedea5dd6-91a5-46b9-aed6-d78a8db3fb4e,Latest Run,749db6d5-c9ea-4a0d-9434-f30875bc078c,Profile_SUPPLIER_DEMO_rule,edea5dd6-91a5-46b9-aed6-d78a8db3fb4e,out_phone,2,8008910202,15,,10.0,15.15152,1
749db6d5-c9ea-4a0d-9434-f30875bc078c2,749db6d5-c9ea-4a0d-9434-f30875bc078cedea5dd6-91a5-46b9-aed6-d78a8db3fb4e,Latest Run,749db6d5-c9ea-4a0d-9434-f30875bc078c,Profile_SUPPLIER_DEMO_rule,edea5dd6-91a5-46b9-aed6-d78a8db3fb4e,out_phone,2,8004269400,5,,10.0,5.05051,2
749db6d5-c9ea-4a0d-9434-f30875bc078c1,749db6d5-c9ea-4a0d-9434-f30875bc078c267212ea-2875-42df-8449-939bd2f08b99,Previous Run,749db6d5-c9ea-4a0d-9434-f30875bc078c,Profile_SUPPLIER_DEMO_rule,267212ea-2875-42df-8449-939bd2f08b99,SSN_Conformity_Check,1,N/A,49,,3,49.49495,0
749db6d5-c9ea-4a0d-9434-f30875bc078c1,749db6d5-c9ea-4a0d-9434-f30875bc078c267212ea-2875-42df-8449-939bd2f08b99,Previous Run,749db6d5-c9ea-4a0d-9434-f30875bc078c,Profile_SUPPLIER_DEMO_rule,267212ea-2875-42df-8449-939bd2f08b99,SSN_Conformity_Check,1,VALID,27,,5,27.27273,1
749db6d5-c9ea-4a0d-9434-f30875bc078c1,749db6d5-c9ea-4a0d-9434-f30875bc078c267212ea-2875-42df-8449-939bd2f08b99,Previous Run,749db6d5-c9ea-4a0d-9434-f30875bc078c,Profile_SUPPLIER_DEMO_rule,267212ea-2875-42df-8449-939bd2f08b99,SSN_Conformity_Check,1,INVALID,23,,7,23.23232,2
749db6d5-c9ea-4a0d-9434-f30875bc078c1,749db6d5-c9ea-4a0d-9434-f30875bc078cf1dd23f0-ddb7-4366-9cc6-902d9c3e9a09,Previous Run,749db6d5-c9ea-4a0d-9434-f30875bc078c,Profile_SUPPLIER_DEMO_rule,f1dd23f0-ddb7-4366-9cc6-902d9c3e9a09,Country_Check,1,US,50,,2,50.50505,0
749db6d5-c9ea-4a0d-9434-f30875bc078c1,749db6d5-c9ea-4a0d-9434-f30875bc078cf1dd23f0-ddb7-4366-9cc6-902d9c3e9a09,Previous Run,749db6d5-c9ea-4a0d-9434-f30875bc078c,Profile_SUPPLIER_DEMO_rule,f1dd23f0-ddb7-4366-9cc6-902d9c3e9a09,Country_Check,1,OTHER,49,,5,49.49495,1
749db6d5-c9ea-4a0d-9434-f30875bc078c1,749db6d5-c9ea-4a0d-9434-f30875bc078cb1efd60a-257a-48fa-9461-26b8d7d5a664,Previous Run,749db6d5-c9ea-4a0d-9434-f30875bc078c,Profile_SUPPLIER_DEMO_rule,b1efd60a-257a-48fa-9461-26b8d7d5a664,Cleanse_Company_Name,1,,44,,,44.44444,0
749db6d5-c9ea-4a0d-9434-f30875bc078c1,749db6d5-c9ea-4a0d-9434-f30875bc078cb1efd60a-257a-48fa-9461-26b8d7d5a664,Previous Run,749db6d5-c9ea-4a0d-9434-f30875bc078c,Profile_SUPPLIER_DEMO_rule,b1efd60a-257a-48fa-9461-26b8d7d5a664,Cleanse_Company_Name,1,Informatica LLC,34,,15.0,34.34343,1
749db6d5-c9ea-4a0d-9434-f30875bc078c1,749db6d5-c9ea-4a0d-9434-f30875bc078cb1efd60a-257a-48fa-9461-26b8d7d5a664,Previous Run,749db6d5-c9ea-4a0d-9434-f30875bc078c,Profile_SUPPLIER_DEMO_rule,b1efd60a-257a-48fa-9461-26b8d7d5a664,Cleanse_Company_Name,1,Informatica Business Solutions Pvt Ltd,16,,38.0,16.16162,2
749db6d5-c9ea-4a0d-9434-f30875bc078c1,749db6d5-c9ea-4a0d-9434-f30875bc078cb1efd60a-257a-48fa-9461-26b8d7d5a664,Previous Run,749db6d5-c9ea-4a0d-9434-f30875bc078c,Profile_SUPPLIER_DEMO_rule,b1efd60a-257a-48fa-9461-26b8d7d5a664,Cleanse_Company_Name,1,Microsoft Corporation,5,,21.0,5.05051,3
749db6d5-c9ea-4a0d-9434-f30875bc078c1,749db6d5-c9ea-4a0d-9434-f30875bc078c5853002e-67aa-4e06-8a35-6f85d767de55,Previous Run,749db6d5-c9ea-4a0d-9434-f30875bc078c,Profile_SUPPLIER_DEMO_rule,5853002e-67aa-4e06-8a35-6f85d767de55,out_email,1,,51,,,51.51515,0
749db6d5-c9ea-4a0d-9434-f30875bc078c1,749db6d5-c9ea-4a0d-9434-f30875bc078c5853002e-67aa-4e06-8a35-6f85d767de55,Previous Run,749db6d5-c9ea-4a0d-9434-f30875bc078c,Profile_SUPPLIER_DEMO_rule,5853002e-67aa-4e06-8a35-6f85d767de55,out_email,1,help@informatica.com,28,,20.0,28.28283,1
749db6d5-c9ea-4a0d-9434-f30875bc078c1,749db6d5-c9ea-4a0d-9434-f30875bc078c5853002e-67aa-4e06-8a35-6f85d767de55,Previous Run,749db6d5-c9ea-4a0d-9434-f30875bc078c,Profile_SUPPLIER_DEMO_rule,5853002e-67aa-4e06-8a35-6f85d767de55,out_email,1,support@informatica.com,15,,23.0,15.15152,2
749db6d5-c9ea-4a0d-9434-f30875bc078c1,749db6d5-c9ea-4a0d-9434-f30875bc078c5853002e-67aa-4e06-8a35-6f85d767de55,Previous Run,749db6d5-c9ea-4a0d-9434-f30875bc078c,Profile_SUPPLIER_DEMO_rule,5853002e-67aa-4e06-8a35-6f85d767de55,out_email,1,sales@microsoft.com,5,,19.0,5.05051,3
749db6d5-c9ea-4a0d-9434-f30875bc078c1,749db6d5-c9ea-4a0d-9434-f30875bc078cf8bce54b-2d3f-44f9-9378-9e532d1e96f4,Previous Run,749db6d5-c9ea-4a0d-9434-f30875bc078c,Profile_SUPPLIER_DEMO_rule,f8bce54b-2d3f-44f9-9378-9e532d1e96f4,Overflow,1,,99,,,100.0,0
749db6d5-c9ea-4a0d-9434-f30875bc078c1,749db6d5-c9ea-4a0d-9434-f30875bc078cc117fd79-cc66-4629-86dd-4781d488f641,Previous Run,749db6d5-c9ea-4a0d-9434-f30875bc078c,Profile_SUPPLIER_DEMO_rule,c117fd79-cc66-4629-86dd-4781d488f641,Unparsed,1,,51,,,51.51515,0
749db6d5-c9ea-4a0d-9434-f30875bc078c1,749db6d5-c9ea-4a0d-9434-f30875bc078cc117fd79-cc66-4629-86dd-4781d488f641,Previous Run,749db6d5-c9ea-4a0d-9434-f30875bc078c,Profile_SUPPLIER_DEMO_rule,c117fd79-cc66-4629-86dd-4781d488f641,Unparsed,1,Support Contact email,28,,21.0,28.28283,1
749db6d5-c9ea-4a0d-9434-f30875bc078c1,749db6d5-c9ea-4a0d-9434-f30875bc078cc117fd79-cc66-4629-86dd-4781d488f641,Previous Run,749db6d5-c9ea-4a0d-9434-f30875bc078c,Profile_SUPPLIER_DEMO_rule,c117fd79-cc66-4629-86dd-4781d488f641,Unparsed,1,Support Contact email is and contact # is,15,,41.0,15.15152,2
749db6d5-c9ea-4a0d-9434-f30875bc078c1,749db6d5-c9ea-4a0d-9434-f30875bc078cc117fd79-cc66-4629-86dd-4781d488f641,Previous Run,749db6d5-c9ea-4a0d-9434-f30875bc078c,Profile_SUPPLIER_DEMO_rule,c117fd79-cc66-4629-86dd-4781d488f641,Unparsed,1,Sales Contact email: and phone:,5,,31.0,5.05051,3
749db6d5-c9ea-4a0d-9434-f30875bc078c1,749db6d5-c9ea-4a0d-9434-f30875bc078cedea5dd6-91a5-46b9-aed6-d78a8db3fb4e,Previous Run,749db6d5-c9ea-4a0d-9434-f30875bc078c,Profile_SUPPLIER_DEMO_rule,edea5dd6-91a5-46b9-aed6-d78a8db3fb4e,out_phone,1,,79,,,79.79798,0
749db6d5-c9ea-4a0d-9434-f30875bc078c1,749db6d5-c9ea-4a0d-9434-f30875bc078cedea5dd6-91a5-46b9-aed6-d78a8db3fb4e,Previous Run,749db6d5-c9ea-4a0d-9434-f30875bc078c,Profile_SUPPLIER_DEMO_rule,edea5dd6-91a5-46b9-aed6-d78a8db3fb4e,out_phone,1,8008910202,15,,10.0,15.15152,1
749db6d5-c9ea-4a0d-9434-f30875bc078c1,749db6d5-c9ea-4a0d-9434-f30875bc078cedea5dd6-91a5-46b9-aed6-d78a8db3fb4e,Previous Run,749db6d5-c9ea-4a0d-9434-f30875bc078c,Profile_SUPPLIER_DEMO_rule,edea5dd6-91a5-46b9-aed6-d78a8db3fb4e,out_phone,1,8004269400,5,,10.0,5.05051,2
